1	B股证券代码深交所的是如何编制的？	深交所B股证券代码的编制原则是什么？	1
2	可以直接买A股？	如何才可以买股票？	1
3	新三板企业的限售期是什么时候呀	忘记交易密码怎么办？	0
4	深圳证券交易所证券代码是如何编制的？	新股申购的条件？	0
5	A股交易时间	当日卖出股票后可以转出资金吗？	0
6	你好，请问申购新股的条件是什么？	新股申购的条件？	1
7	怎样开通沪深	如何修改接收新股中签提醒短信的手机号码？	0
8	股票里的钱转不出来怎么回事？	为何账户有资金无法转出？	1
9	忘记交易密码怎么办？	股票的交易时间？	0
10	咋开通创业板	如何开户？	0
11	农行转证券为什么转不了	忘记资金密码怎么办？	0
12	ST股票可以用信用账户买吗	信用账户可以购买ST股票吗？	1
13	申购创业板的新股  需要什么条件	银证转账的时间？	0
14	我的手续费是多少	为何账户有资金无法转出？	0
15	开创业	为何账户有资金无法转出？	0
16	在哪开创业板	新股申购的条件？	0
17	如何区分港股通和A股的退市制度？	为什么资金可用不可取？	0
18	今天卖出的股票，钱要多久可以转进银行	当日卖出股票后可以转出资金吗？	1
19	证券转银行，怎么会冻结资金	信用账户三方存管的银行有哪些？	0
20	你好我想取消三方存管,请问怎么操作	忘记交易密码怎么办？	0
21	登录账户忘记了	股票交易费用	0
22	为什么我现在银转证转不进去了？	证券转银行为什么转不了？	1
23	您好，请问交易密码忘记了怎么办	为何账户有资金无法转出？	0
24	每天股票的交易时间	股票的交易时间？	1
25	你好。登录密码忘了	创业板如何开通	0
26	我的钱怎么转不了银行“呢？	多少资金能达到多少的佣金？	0
27	请问下第三方存管银行可以变更吗	上交所债券的费用有哪些？	0
28	登陆密码忘了	股票的交易时间？	0
29	亲，我帐号忘记了，咋查	客户编号忘记了如何找回？	1
30	转不了钱进帐户	创业板如何开通	0
31	B股交易手续费？	身份证过期如何办理？	0
32	股票佣金是什么	如何收取股票交易佣金？	1
33	你好，能查到我佣金费率多少吗？	A股和港股通退市制度的区别	0
34	我的账号为何不能登录？	为何账户有资金无法转出？	0
35	申购新股有什么条件！	新股申购的条件？	1
36	我怎么才能卖出股票	网下打新申报价格有什么规定？	0
37	信用账户使用有哪方面的限制？	证券转银行为什么转不了？	0
38	不记得资金密码	忘记资金密码怎么办？	1
39	深交所债券的费用类型？	信用账户可以网上开通吗？	0
40	今天买入哪只股票？	股票可以当天买入当天卖出吗？	1
41	客户编码忘记了	客户编号忘记了如何找回？	1
42	股票卖出什么时候可以转出资金	深港通标的股票范围？	0
43	请问A股开户免费么？	A股开户是否收费？	1
44	我银行卡变更	如何更换银行卡？	1
45	我新股申购说不符合条件	新股申购的条件？	1
46	上交所股票期权行权价格间距是按照什么标准设置的	信用账户可以网上开通吗？	0
47	能重新开个账户吗	如何查询证券账号？	0
48	我已经开有户，从哪登录	创业板如何开通	0
49	请问如何开通创业板	股票的交易时间？	0
50	你好，我的电脑被盗了我那个账号忘记了能帮我查一下吗？	创业板如何开通	0
51	你好！请问一下我的银证不能转账到银行	证券转银行为什么转不了？	1
52	佣金与手续费的区别？	佣金与手续费的区别？	1
53	交易收费	股票交易费用	1
54	深市新股上市首日临时停牌是怎么规定的？	创业板权限转签如何操作？	0
55	佣金和手续费的区别	佣金与手续费的区别？	1
56	股票交易收费	股票交易费用	1
57	我买不了ST股是怎么回事呀	ST股票为何无法买入？	1
58	为何不能登录账户？	如何开户？	1
59	怎么开户	如何开户？	1
60	身份证过期了，如何上传新的证件？	创业板如何开通	0
61	B股有涨跌限制吗？	证券转银行为什么转不了？	0
62	交易手续费？	股票交易费用	1
63	已经开户了	ST股票为何无法买入？	0
64	我最近想申购新股，但是持仓股票停牌了，能算入新股申购的市值吗？	如何开户？	0
65	个股分时图的成交量柱状线的颜色用金融终端怎么修改？	如何修改金融终端个股分时图下方的成交量柱状线的颜色？	1
66	变更银行卡必须去银行吗	信用证券账户卡遗失应如何处理？	0
67	我想了解一下新三板的指数都有什么？	网下发行新股有何要求？	0
68	A股和港股的显示颜色有什么不一样？？	A股和港股的显示颜色有什么区别？	1
69	股票怎么收手续费的	手机账户密码忘记了怎么办	0
70	开通创业板权限，目前需要办理哪些手续？	创业板权限开通的办理时间	1
71	新股申购，委托数量高于最大限额，怎么回事呢	新股申购额度超限的原因？	1
72	B股交易也是T+1？	B股实行T+0回转交易吗？	1
73	我创业板不是已经开通了？	创业板如何开通	1
74	用什么方法处理申报深市股票委托时，提示：证券账户无效	申报深市股票委托时，提示：证券账户无效，该如何处理？	1
75	银证转账的银行设么时间上班	银证转账的时间？	1
76	开户交易佣金多少	网上开户佣金是多少？	1
77	申购新股要求	证券转银行为什么转不了？	0
78	那我现在账户里有股票，能销户吗	新三板股票的编码规则？	0
79	证券我什么不能转款的银行	证券转银行为什么转不了？	1
80	创业版怎么开	忘记资金密码怎么办？	0
81	投资者如何买卖港股通股票	创业板如何开通	0
82	我想转账到银行卡，怎么转不了？	上交所对竞价交易临时停牌有何规定？	0
83	转不了钱进帐户	为何账户有资金无法转出？	1
84	我的资金为什么转不出来	为何账户有资金无法转出？	1
85	找回客户编编号	ST股票为何无法买入？	0
86	成交量的颜色怎么设置？	外币证券转银行限额	0
87	资金可用和可取是什么意思？	为什么资金可用不可取？	1
88	哪里可以找到上交所股东大会网络投票平台	上交所股东大会网络投票平台网址？	1
89	如何区分A股和港股的显示颜色？	A股和港股的显示颜色有什么区别？	1
90	创业板首次如何开通	证券转银行为什么转不了？	0
91	身份证过期必须去营业部更新吗？	身份证过期如何办理？	1
92	9点半之前，随时都可挂单买新股，是吗？	多少资金能达到多少的佣金？	0
93	为什么资金不可取	为什么资金可用不可取？	1
94	我的资金提不出来怎么回事	信用账户的使用限制	0
95	我这个账户是网上开通的，应该怎么开通创业板权限？	开通创业板权限对账户有什么要求？	1
96	怎么转钱失败	手机账号忘记了怎么办	0
97	我问下我的银行卡换了，怎么转不出来	如何开户？	0
98	怎么开创业	忘记交易密码怎么办？	0
99	新股当日能否多次申购	当日卖出股票后可以转出资金吗？	0
100	新股中签后未足额缴款	银证转账的时间？	0
101	找回我的客户编号	客户编号忘记了如何找回？	1
102	信用证卷账户注销后能重新开户吗？	信用证券账户可以注销后重新开户吗？	1
103	我的钱为什么不能转到银行？	为何账户有资金无法转出？	0
104	请问银行无法转证券	身份证过期可以办理开户吗？	0
105	怎么知道手续费	手机账户密码忘记了怎么办	0
106	新股审购显示未成交能撤单吗？	新股申购可以撤单吗？	1
107	用微信能开户吗	如何开户？	1
108	新开户的佣金多少？	网上开户佣金是多少？	1
109	如何设置银行	如何调整佣金费率？	0
110	我要调整佣金	如何调整佣金费率？	1
111	我在别的券商已经开通过创业板了，怎么自助转签创业板权限呢？	深港通跟沪港通的额度能共用吗？	0
112	我忘记客户编号	新股申购的配号规则？	0
113	中了新股怎么缴款呢	客户编号忘记了如何找回？	0
114	B股有涨跌限制吗？	B股的涨跌幅有限制吗？	1
115	怎么开通中小板和创业板账户	创业板如何开通	1
116	交易密码有英文吗	证券转银行为什么转不了？	0
117	我的钱转不出了	为何账户有资金无法转出？	1
118	我想咨询一下，我想打新，需要满足什么条件呢	证券转银行为什么转不了？	0
119	我昨天开户的，忘记了我的帐号	如何收取股票交易佣金？	0
120	我的登录密码，忘了	创业板如何开通	0
121	你好，这边佣金多少	如何查询佣金费率？	0
122	银行不能转证券？	证券转银行为什么转不了？	1
123	请问A股开户收费不收啊？	如何收取股票交易佣金？	0
124	融资融券业务交易能在新三板进行吗？	新三板可以做融资融券交易吗？	1
125	您好，新三板做市转让的申报规则是怎样的？	手机账号忘记了怎么办	0
126	我想自助调整融资融券授信额度具体要怎么操作？	如何调整融资融券授信额度？	1
127	为什么我的帐户不能转款	创业板权限开通的办理时间	0
128	为什么转账时证券可以转入银行，银行不能转入证券呢	深交所上市债券实行全价交易有哪些？	0
129	你好，如何达到申购新股条件	新股申购的条件？	1
130	。为什么不能登上开户	如何开户？	1
131	调整手续费	如何调整佣金费率？	1
132	申购新股是不是要满足一定条件啊	如何注销证券账户？	0
133	我那个证转银怎么被冻结了	证券转银行为什么转不了？	1
134	忘记交易登入密码	忘记交易密码怎么办？	1
135	现在银转证怎么转不了？	多少资金能达到多少的佣金？	0
136	上交所股东投票的网址是多少？	新三板可以做融资融券交易吗？	0
137	什么时候能确认深圳大宗交易的成交时间？	深圳大宗交易的成交确认时间？	1
138	怎样查看我的佣金	为何账户有资金无法转出？	0
139	银行转证券问题	证券转银行为什么转不了？	1
140	有什么办法开立信用账户在60岁以上？	60岁以上如何开立信用账户？	1
141	为什么资金转不出去？	为何账户有资金无法转出？	1
142	我想问一下怎么开通创业板	70岁以上自然人可以手机开户吗?	0
143	创业版怎么开	创业板如何开通	1
144	你好，我的帐号证券转银行为什么转不了	证券转银行为什么转不了？	1
145	银转证转不了是怎么回事？	证券转银行为什么转不了？	1
146	股票佣金是什么	证券转银行为什么转不了？	0
147	请问怎么开通创业板？	创业板权限首次开通？	0
148	帮我查查佣金费率	如何查询佣金费率？	1
149	为什么银转证转不出	证券转银行为什么转不了？	1
150	身份证过期就不能开户吗？	身份证过期可以办理开户吗？	1
151	银行转账转不了	证券转银行为什么转不了？	1
152	佣金费用是多少？	网上开户佣金是多少？	0
153	怎么开通创业版	新股申购的市值计算范围？	0
154	要是以后我不投资了，撤销账户怎么撤销	如何开户？	0
155	我把账户忘记怎么办	手机账号忘记了怎么办	1
156	今天存钱今天可以买股票吗？	证券转银行为什么转不了？	0
157	请问如果我中签新，你们给发短通知吗	新股中签会有短信通知吗？	1
158	你好，交易密码忘记了，怎么办？	忘记交易密码怎么办？	1
159	不去营业厅，可以有办法开通网上委托权限吗	网上委托权限如何开通？	1
160	登陆密码忘了怎么办	新股申购时会冻结资金吗？	0
161	转让中小企业私募债券的方式是什么？	如何转让中小企业私募债券？	1
162	深圳证券交易所证券代码是如何编制的？	深圳证券交易所证券代码编制原则是什么？	1
163	哪几种系统是新三板股票进行交易的？	创业板如何开通	0
164	哪几种系统是新三板股票进行交易的？	新三板股票进行交易的系统有哪些？	1
165	刚上市的新股能不能在第一天就操作市价委托呀	新股上市首日接受市价委托吗？	1
166	我把账号忘了	如何修改账户交易密码？	0
167	如何绑定多张银行卡？	当日卖出股票后可以转出资金吗？	0
168	佣金手续费多少	新股申购的条件？	0
169	银行转证券老提示失败	证券转银行为什么转不了？	1
170	不好意思 我的资金密码太久没用忘记了 怎么找回来？	忘记资金密码怎么办？	1
171	使用金融终端怎么修改K线图的副图指标参数	忘记资金密码怎么办？	0
172	你们这里的佣金是多少	为何账户有资金无法转出？	0
173	开户有年费吗	B股交易的费用？	0
174	证卷转银行，为何转不了？	股票可以当天买入当天卖出吗？	0
175	当日买入可以当日卖出不	深交所B股证券代码的编制原则是什么？	0
176	登陆编号是什么	如何开户？	1
177	我已经开了	如何开户？	1
178	银行转账转不了	新股申购的条件？	0
179	我问下我的银行卡换了，怎么转不出来	证券转银行为什么转不了？	1
180	客户编号忘了，密码忘了，怎么办？	新三板协议转让的成交规则？	0
181	用什么办法可以重置信用账户密码？	如何重置信用账户密码？	1
182	交易登录密码忘了……	忘记交易密码怎么办？	1
183	深市货币ETF是通过何种方式来计算收益的？	证券转银行为什么转不了？	0
184	可用的钱为什么不可取	为什么资金可用不可取？	1
185	收取股票交易佣金的方式是什么？	忘记交易密码怎么办？	0
186	我的帳號忘了	深交所债券的费用有哪些？	0
187	请问开通创业板	新三板企业的限售期？	0
188	已经开过户	信用账户资金无法转出的原因	0
189	在哪开创业板	创业板如何开通	1
190	已经开户了，但登录时要帐号	为何账户有资金无法转出？	0
191	我那个证转银怎么被冻结了	手机账号忘记了怎么办	0
192	股票卖出，钱没办法转入银行卡	当日卖出股票后可以转出资金吗？	1
193	转不出钱到银行	新三板股价变动单位？	0
194	貌似我现在无法银证转账呢？	转账失败的原因？	1
195	忘记客户编号了	客户编号忘记了如何找回？	1
196	新股申购后会不会冻结资金	创业板如何开通	0
197	我已经申购新股了为什么没有配号	申购新股后为何查询不到配号？	1
198	你好。登录密码忘了	手机账户密码忘记了怎么办	1
199	什么条件可以申购新股	上交所股票期权行权价格间距如何设置？	0
200	你好，资金为什么转不出去	为何账户有资金无法转出？	1
201	我的交易密码忘了，怎么找回啊？	忘记交易密码怎么办？	1
202	如何取消三板交易权限？	新股申购时会冻结资金吗？	0
203	我想问一下，我这个手续费是多少呀	手机账户密码忘记了怎么办	0
204	当日卖出的股票资金会在当天3点收市能转出吗？	A股账户销户有哪些注意事项？	0
205	B股的最小变动单位是多少啊	为何账户有资金无法转出？	0
206	请问要怎样开通创业版	证券转银行为什么转不了？	0
207	为啥转不进来资金	新股申购的条件？	0
208	股票怎么收费	手机账号忘记了怎么办	0
209	信用账户能否参与逆回购交易？	信用账户可以参与逆回购吗？	1
210	我的十位交易号码忘记了，怎么查询找到？	客户编号忘记了如何找回？	1
211	新三板适合什么样的投资者？	如何修改账户交易密码？	0
212	怎么转不出钱	为何账户有资金无法转出？	1
213	你好，我的账户怎么登陆不上呢	如何开户？	1
214	手续费多少	多少资金能达到多少的佣金？	1
215	请问怎么更改银行卡	手机账号忘记了怎么办	0
216	今天卖出的股票 资金什么时候可以取出到银行卡	信用账户交易允许市价委托吗？	0
217	A股、B股交易币种	B股以什么币种交易？	1
218	网上申购的数量有限制吗	网上申购的数量有何限制？	1
219	当日卖出股票资金什么时候可以转出	当日卖出股票后可以转出资金吗？	1
220	怎么帐号登录不上	手机账号忘记了怎么办	0
221	交易佣金收取情况可以通过什么方式查找？	创业板如何开通	0
222	期权交易权限可以调整吗，可以的话方法是怎样的呢	证券转银行为什么转不了？	0
223	转不了钱进去	为何账户有资金无法转出？	1
224	我要调整交易费	手机账户密码忘记了怎么办	0
225	创业板如何开通?	身份证过期可以办理开户吗？	0
226	我已经开有户，从哪登录	如何开户？	1
227	申请开立信用账户有什么条件？	B股股票能作为融资融券的担保品吗？	0
228	为什么我的账号交易不了带ST的股票！	ST股票为何无法买入？	1
229	我麻烦问一下认购新股有什么条件吗？	新股申购的条件？	1
230	我想问一下身份证过期了能开户吗	多少资金能达到多少的佣金？	0
231	新三版股票清算的交收规则包括什么？	新三板股票清算交收规则？	1
232	我的十位交易号码忘记了，怎么查询找到？	创业板如何开通	0
233	我的账户怎么不能登陆	手机账号忘记了怎么办	0
234	理财账户的开户费是多少？	上交所债券质押式回购竞价交易的有效竞价范围？	0
235	新开户手续费多少	网上开户佣金是多少？	1
236	你好，请帮我查一下我的佣金费率	忘记资金密码怎么办？	0
237	新三板市场的信息是怎样披露的?	新股IPO网上发行制度有哪些修改？	0
238	怎么登陆交易帐号和密码总是说错误?	如何修改金融终端K线图的副图指标参数？	0
239	无法买入ST补仓	网上委托权限如何开通？	0
240	想问下怎么知道自己开通创业板呢	创业板如何开通	1
241	我的资金转不出银行的	为何账户有资金无法转出？	0
242	想问下怎么知道自己开通创业板呢	新股上市首日委托买入为何作废？	0
243	忘记登录密码了怎么办	手机账户密码忘记了怎么办	1
244	您好，你们的手续费是多少？	证券转银行为什么转不了？	0
245	打新股需要什么要求	新股申购的条件？	1
246	登录不成功，是什么原因	转账失败的原因？	1
247	请问我的手续费多少？	多少资金能达到多少的佣金？	1
248	要办理创业板	多少资金能达到多少的佣金？	0
249	中了新股怎么缴款啊	A股开户是否收费？	0
250	交易密码忘记	忘记交易密码怎么办？	1
251	你好，想咨询一下申购新股需要什么条件	新股申购的条件？	1
252	我要怎样才能买股票	手机账号忘记了怎么办	0
253	忘记客户编号怎么办？	新股申购的条件？	0
254	这股票什么时候交易	股票的交易时间？	1
255	帐号为啥不能登入了	如何开户？	1
256	调整佣金	为什么资金可用不可取？	0
257	什么时候能出售股票	股票的交易时间？	1
258	期权的手续费和佣金是多少？	为何账户有资金无法转出？	0
259	新股申购如何撤单	如何才可以买股票？	0
260	手续费调整	如何调整佣金费率？	1
261	持有什么证据投诉上市公司是合法的？	投诉上市公司什么样的证据合法有效？	1
262	可以开通多个港股通账户吗？	忘记交易密码怎么办？	0
263	如何绑定多张银行卡？	如何绑定多张银行卡？	1
264	账号和密码都忘记了怎么办	手机账户密码忘记了怎么办	1
265	新股中签后到上市交易需多长时间？	新股中签后股份何时上市？	1
266	客户编号不记得了，可以找回吗？	上市公司进行重大资产重组，停牌时间最长期限是多久？	0
267	这里可以开户吗	如何开户？	1
268	系统显示已申请 为何我这几天买不了ST	ST股票为何无法买入？	1
269	深市中小企业板块A股证券代码怎么查？	深市中小企业板块A股证券代码是多少？	1
270	哪些是B股的委托申报方式？	如何更换银行卡？	0
271	申购深证新股需要哪些条件	手机账户密码忘记了怎么办	0
272	打新过程中发现，深市的股票配号前8位数后是小数点加两个零，如：12345678.	新三板股票进行交易的系统有哪些？	0
273	手续费是万几	为何账户有资金无法转出？	0
274	股票的交易时间	证券转银行为什么转不了？	0
275	我的账号忘记了	多少资金能达到多少的佣金？	0
276	B股的最小变动单位是多少啊	B股价格的最小变动单位？	1
277	现在开户的话佣金多少呢？	网上开户佣金是多少？	1
278	我能开创业板吗	为何账户有资金无法转出？	0
279	请问A股开户免费么？	为何账户有资金无法转出？	0
280	新三板股票申报价格有涨跌幅限制吗？	创业板如何开通	0
281	开创业	创业板如何开通	1
282	我的账号为什么不能登入	如何开户？	1
283	我的帐户可以开通创业板吗	创业板如何开通	1
284	如何取消第三方存管	为何账户有资金无法转出？	0
285	新三板适合什么样的投资者？	新三板的投资者有哪些？	1
286	交易手续费	忘记交易密码怎么办？	0
287	新股中签后到上市交易需多长时间？	新三板的投资者有哪些？	0
288	自助开户三方存管	自助开户后如何补办三方存管？	1
289	在这开户佣金多少	上交所债券逆回购申报数量要求？	0
290	银行转入证券，为什么用不了？	证券转银行为什么转不了？	1
291	登陆密码忘了	手机账户密码忘记了怎么办	1
292	002399停牌好久了，什么原因？啥时候复牌呢？	手机账户密码忘记了怎么办	0
293	为什么银行转证券不行	证券转银行为什么转不了？	1
294	我新开户的帐号为什么不能申购新股？	新股申购的条件？	1
295	想问下怎么开创业板	创业板如何开通	1
296	怎样变更第三方存管银行卡	创业板权限开通的办理时间	0
297	怎么开户啊	深交所对竞价交易临时停牌有何规定？	0
298	新三板股票的即时行情的要素都包括什么？	新股申购的条件？	0
299	怎么登陆交易帐号和密码总是说错误?	如何修改账户交易密码？	1
300	为什么我的资金不能转银行	证券转银行为什么转不了？	1
301	手续费是万几	多少资金能达到多少的佣金？	1
302	银行转钱到你们证券有时间规定吗	银证转账的时间？	1
303	哪些股票能用信用账户交易啊	ST股票为何无法买入？	0
304	我账户里面的钱转不出去	为何账户有资金无法转出？	1
305	在网上不能开通创业板权限吗？	创业板权限首次开通？	1
306	什么时候能确认深圳大宗交易的成交时间？	客户编号忘记了如何找回？	0
307	开户套餐是什么意思	如何开户？	1
308	我的资金已转入，怎么账户里面还没显示	为何账户有资金无法转出？	1
309	怎样首次开通创业板	创业板权限首次开通？	1
310	我刚卖出的股票资金什么转出	当日卖出股票后可以转出资金吗？	1
311	使用金融终端怎么修改K线图的副图指标参数	如何修改金融终端K线图的副图指标参数？	1
312	为何账户有资金无法转出	为何账户有资金无法转出？	1
313	新三板股票申报价格有涨跌幅限制吗？	新三板股票申报价格是否有涨跌幅限制？	1
314	个人投资者开通深港通的条件	新三板股票协议转让的申报类型？	0
315	我的好像已经开通创业板了	创业板如何开通	1
316	忘记交易密码要什么证件	忘记交易密码怎么办？	1
317	新三板股票有哪些编码规则？	如何开户？	0
318	我的账号怎么登录不上	如何开户？	1
319	您好我的账户怎么不能转款啊	如何注销信用账户？	0
320	为什么我的资金证转银转不了？	如何更换银行卡？	0
321	今天卖出的股票资金何时可以转到银行卡？	当日卖出股票后可以转出资金吗？	1
322	新股申购我按错了能撤单吗	深港通标的股票范围？	0
323	银行转入证券，为什么用不了？	手机账号忘记了怎么办	0
324	我您好，想问一下我的交易佣金是多少？	网下打新缴款账号是否需与三方存管银行账号一致？	0
325	为什么我刚才的股票不能卖	如何才可以买股票？	1
326	您好 开通创业板权限必须到柜台吗	创业板权限首次开通？	1
327	我的资金转入失败是什么问题	为何账户有资金无法转出？	1
328	同行换第三方存管，怎么换	如何更换同一银行的三方存管银行卡？	1
329	股票可以当天买入当天卖出吗？	股票可以当天买入当天卖出吗？	1
330	你好，这边佣金多少	多少资金能达到多少的佣金？	1
331	资金怎么提不出来	信用账户的使用限制	0
332	为什么资金转不出去？	B股交易的费用？	0
333	成为融资融券的担保品人民币特种股票可以吗？	新股申购的条件？	0
334	我要怎样才能买股票	如何才可以买股票？	1
335	我的交易‘密码怎么找回密码	忘记交易密码怎么办？	1
336	请问为什么转不出去钱？	如何开户？	0
337	深港通标的股名单	深港通标的股票范围？	1
338	忘了账户	手机账号忘记了怎么办	1
339	我想买入ST山水，但是就是买不进不知为什么。	手机账户密码忘记了怎么办	0
340	新三板股票的即时行情的要素是什么？	新三板股票的即时行情包含哪些要素？	1
341	人民币特种股票是否可以作为融资融券的担保品？	创业板如何开通	0
342	你好，我的账户怎么登陆不上呢	手机账户密码忘记了怎么办	0
343	请问，股票账户可以通过网上注销么？	如何注销证券账户？	1
344	新三板做市转让的申报有哪些条件？	新三板做市转让的申报规则？	1
345	手续费是万几啊	新股申购的市值计算范围？	0
346	手续费降低了在你这里可以调整吗	如何调整佣金费率？	1
347	股票交易后什么时候能转账回银行卡	信用账户的股票可以申购ETF基金吗？	0
348	注销账户需要什么手续	未办理外币银证转账业务的客户如何取款？	0
349	你好，请问申购新股的条件是什么？	若手机丢失，需要重新申请电子签名吗？	0
350	当日买入的股票为什么当日不能卖出？	如何注销三方存管账户？	0
351	你好！我想问一下怎么资金转不出	证券转银行为什么转不了？	0
352	我忘记帐号了	信用账户的股票可以申购ETF基金吗？	0
353	深市A股增发代码具体指什么？	如何开户？	0
354	新三板协议转让的成交原则有哪些？	新三板协议转让的成交规则？	1
355	股票什么时间开始交易	申购开放式基金时提示证券停牌	0
356	你好，我的身份证过期了，可以开户吗？	身份证过期可以办理开户吗？	1
357	新股申购的配号是按时间顺序分吗	新股申购的配号规则？	1
358	银行转钱到你们证券有时间规定吗	多少资金能达到多少的佣金？	0
359	我不是在柜台开户的也可以吗	开通创业板权限对账户有什么要求？	0
360	三板交易权限取消方式是什么？	三板交易权限如何取消？	1
361	资金转不出?	B股股票能作为融资融券的担保品吗？	0
362	约定购回的卷是人民币特种股标的吗？	B股是约定购回的标的券吗？	1
363	我能在金融终端查到我的银行余额信息的，但转账为何不成功	股票可以当天买入当天卖出吗？	0
364	能开创业板嘛	新股申购的条件？	0
365	你好！为什么将款转到银行卡转不出去	证券转银行为什么转不了？	1
366	创业板如何开通?	创业板如何开通	1
367	申购新股时怎么总是显示不符合新股申购条件呢	股票的交易时间？	0
368	修改成本价的方式有哪些？	如何修改成本价数值？	1
369	最少可以买多少B股	B股的最小交易单位？	1
370	为什么不能转到农业银行	证券转银行为什么转不了？	1
371	上交所新股上市第一天的有效申报价格范围有怎样的规定	网下打新申报价格有什么规定？	0
372	请问资金怎么转不了去银行	如何开户？	0
373	账号怎么不允许取钱	当日卖出股票后可以转出资金吗？	0
374	新股上市首日委托买入为什么显示废单？	创业板如何开通	0
375	信用账户操作配股的方法	信用账户如何操作配股？	1
376	股票卖了资金怎么转出不来	为何账户有资金无法转出？	0
377	您好，新三板做市转让的申报规则是怎样的？	新三板做市转让的申报规则？	1
378	你好怎样开通创业板	创业板如何开通	1
379	为啥钱在账户提不出来	深圳大宗交易的成交确认时间？	0
380	可以直接买A股？	创业板如何开通	0
381	我持有的是信用账户的股票，我怎样行使我的投票权呢	信用账户持有的股票如何行使投票权？	1
382	为什么，转不了银行卡	证券转银行为什么转不了？	1
383	我要调整下佣金费	如何调整佣金费率？	1
384	新三版股票转让是用什么单位计价的？	新三版股票转让的计价单位？	1
385	新三板股票转让的费用如何计算？	如何开户？	0
386	今天卖出的股票，钱要多久可以转进银行	股票可以当天买入当天卖出吗？	0
387	今天卖了股票的钱今天能取到银行卡不？	当日卖出股票后可以转出资金吗？	1
388	我的帐号忘了	如何更换银行卡？	0
389	网上开户佣金是多少	如何调整佣金费率？	0
390	怎么开户呀	如何开户？	1
391	你好，交易密码忘记了，怎么办？	新股申购的条件？	0
392	我之前开的户还能用吗	如何开户？	1
393	账号和密码都忘记了怎么办	如何调整佣金费率？	0
394	证券转银行怎么转不了啊？	创业板如何开通	0
395	开户套餐都是什么意思啊	同一新股可多次申购吗？	0
396	你好，今天卖的股票钱什么时间可以往银行卡里转	如何更换同一银行的三方存管银行卡？	0
397	佣金多少啊	多少资金能达到多少的佣金？	1
398	请问证券转银行为什么转不了的？	如何更换不同银行的三方存管？	0
399	你好！我的帐号忘了怎么办	证券转银行为什么转不了？	0
400	你好，能帮我查一下信用账户的新股额度吗	新股申购的条件？	0
401	我想知道沪市港股通可以购买哪些股票？	深港通标的股票范围？	1
402	上市公司进行重大资产重组，需要多长时间停牌？	股票的交易时间？	0
403	请问如何开通创业板	创业板如何开通	1
404	怎么我的资金转不出	创业板如何开通	0
405	客户编号忘记了，怎么查找	客户编号忘记了如何找回？	1
406	今天刚把股票卖了，急用钱，有没有办法今天就能提现	忘记交易密码怎么办？	0
407	同行换第三方存管，怎么换	手机账户密码忘记了怎么办	0
408	为什么资金从银行转不了？	证券转银行为什么转不了？	1
409	我的登录密码，忘了	手机账户密码忘记了怎么办	1
410	新三板的股价以什么单位变动	新三板股价变动单位？	1
411	A股和港股通的退市制度有什么不一样？	A股和港股通退市制度的区别	1
412	帐号忘了	手机账号忘记了怎么办	1
413	我的交易密码忘了怎么办	证券转银行为什么转不了？	0
414	新三板的投资者都是什么类型的？	新三板的投资者有哪些？	1
415	为什么我的账户资金转不出	新三板交易时间？	0
416	投诉上市公司需要哪些证据？	如何注销三方存管账户？	0
417	创业板权限转签	当日卖出股票后可以转出资金吗？	0
418	申购新股受限，到期需要解除限制吗？	如何开户？	0
419	如何查询证券账户在那	如何查询证券账号？	1
420	账号忘记	信用账户可以购买非标的证券吗？	0
421	能帮我开通创业板吗	创业板如何开通	1
422	为啥转不进来资金	为何账户有资金无法转出？	1
423	我的资金密码忘记了怎么找回	创业板权限开通的办理时间	0
424	你好，我为啥证券转银行转不了呢？	手机账户密码忘记了怎么办	0
425	加开账户	如何开户？	1
426	我的钱为什么不能转到银行？	证券转银行为什么转不了？	1
427	新股申购如何撤单	新股申购可以撤单吗？	1
428	成为融资融券的担保品人民币特种股票可以吗？	B股股票能作为融资融券的担保品吗？	1
429	证券要转出资金为什么会冻结	新三板市场是如何披露信息？	0
430	如何调整A股的佣金？	如何调整佣金费率？	1
431	我的佣金比较高了，可以调整吗	如何调整佣金费率？	1
432	找回我的客户编号	ST股票为何无法买入？	0
433	你好我的登录密码忘了	证券转银行为什么转不了？	0
434	什么时候能出售股票	客户编号忘记了如何找回？	0
435	银转证。转不了。	证券转银行为什么转不了？	1
436	怎么转不出资金	A股停牌原因有哪些？	0
437	新股申购失败：错误代码:B01，是什么意思？	证券转银行为什么转不了？	0
438	新三板协议转让的成交原则有哪些？	如何更换同一银行的三方存管银行卡？	0
439	我以前开的户不知道怎么用	为何账户有资金无法转出？	0
440	新股申购中签后有资金的情况下直接冻结吗	新股申购时会冻结资金吗？	1
441	忘记登入密码怎么办	上市公司收购可采取哪些方式？	0
442	我的账户号忘记了	手机账号忘记了怎么办	1
443	我想咨询一下，我想打新，需要满足什么条件呢	新股申购的条件？	1
444	客户编号忘了，怎么找回	客户编号忘记了如何找回？	1
445	交易密码忘了	为何账户有资金无法转出？	0
446	你好，请问我要什么条件才能申购新股？	新股申购的条件？	1
447	我的交易账号因为手机损坏忘记了，请问如何找回	手机账户密码忘记了怎么办	0
448	你好，如何开通创业板	创业板如何开通	1
449	你好，想知道我的账户的佣金费率是多少	如何查询佣金费率？	1
450	股票可以当天买入当天卖出吗	证券转银行为什么转不了？	0
451	我的电话号码变了，中签时证券公司通知不了为我，我在外地，能否通过电话改一下号码？	如何修改接收新股中签提醒短信的手机号码？	1
452	我的上海A股帐号没开通，怎么办？	为什么资金可用不可取？	0
453	登入密码忘了	手机账户密码忘记了怎么办	1
454	信用账户里面的市值算在申购市值里吗？	B股的交易时间？	0
455	现在这股怎么办	股票的交易时间？	1
456	佣金多少钱	多少资金能达到多少的佣金？	1
457	B股交易费用？	客户编号忘记了如何找回？	0
458	当日买入可以当日卖出不	股票可以当天买入当天卖出吗？	1
459	我原来网上开通的账户 怎么注销	证券转银行为什么转不了？	0
460	我想了解一下新三板的指数都有什么？	新三板有哪些指数？	1
461	我的帐号和密码都忘了怎么办	创业板如何开通	0
462	用微信能开户吗	手机账号忘记了怎么办	0
463	您好，请问交易密码忘记了怎么办	忘记交易密码怎么办？	1
464	变更银行卡必须去银行吗	如何更换银行卡？	1
465	怎样才能开创业板	如何查询是否已开通创业板权限？	0
466	信用账户操作配债的流程是什么？	信用账户如何操作配债？	1
467	如何更换银行卡？	如何更换银行卡？	1
468	网下大新资格允许在多家券商间使用吗？	网下打新资格是否支持在多家券商间使用？	1
469	什么是深交所债券质押式回购竞价交易的有效竞价范围？	如何开户？	0
470	身份证才过期几天，可以开户吗？	身份证过期可以办理开户吗？	1
471	资金转不出怎么回事	为何账户有资金无法转出？	1
472	已经开户了，怎么登陆	如何修改接收新股中签提醒短信的手机号码？	0
473	今天证券转银行不行吗	证券转银行为什么转不了？	1
474	账号密码忘记了	新股中签后股份何时上市？	0
475	你好，请问我要什么资格才能申购新股？	新股申购的条件？	1
476	交易佣金是多少？	多少资金能达到多少的佣金？	1
477	我想要开户，但是身份证过期了，新身份证要隔段时间才能拿到，还可以开户吗？	身份证过期可以办理开户吗？	1
478	信用账户的资金不能转出是什么原因啊	信用账户资金无法转出的原因	1
479	信用账户的资金不能转出是什么原因啊	手机账户密码忘记了怎么办	0
480	我忘了我的编号了	手机账号忘记了怎么办	1
481	亲，怎样改交易密码和通讯密码	如何修改交易密码	1
482	我想撤销三方存管，怎么办理？	创业板如何开通	0
483	银行转证券失败	创业板如何开通	0
484	我那个创业板开通了怎么还不能用	创业板如何开通	1
485	转不了银行卡	证券转银行为什么转不了？	1
486	你好，开户套餐是什么？	如何开户？	1
487	我想问一下，外币证券转银证的金额有限制吗？	外币证券转银行限额	1
488	如何查询是否已开创业板	如何查询是否已开通创业板权限？	1
489	修改成本价的方式有哪些？	信用账户销户条件？	0
490	怎么开创业	创业板如何开通	1
491	开户中	如何开户？	1
492	已经开户了，怎么登陆	如何开户？	1
493	证券转银行，怎么会冻结资金	证券转银行为什么转不了？	1
494	哪些条件满足才可申购新股	深交所上市债券实行净价交易有哪些？	0
495	请问证券金转银行转不了	当日卖出股票后可以转出资金吗？	0
496	怎么更换银行卡？	如何更换银行卡？	1
497	上交所有哪些国债逆回购品种，代码是多少	上交所逆回购品种和代码有哪些？	1
498	你好忘记账户编号	手机账号忘记了怎么办	1
499	你好，我登录密码忘记了	手机账户密码忘记了怎么办	1
500	股票帐号怎么查询	如何开户？	0
501	开通创业版	股票交易费用	0
502	忘记登录客户编号怎么办	如何开户？	0
503	新股上市首日委托买入为什么显示废单？	新股上市首日委托买入为何作废？	1
504	所有发行的新股都能网下新股申购吗？	如何开户？	0
505	亲，我帐号忘记了，咋查	网下打新的备案条件？	0
506	为什么证券转银行转不了？	创业板如何开通	0
507	我持有的是信用账户的股票，我怎样行使我的投票权呢	新股上市首日委托买入为何作废？	0
508	我的交易密码不对呀	忘记交易密码怎么办？	1
509	怎么转不出钱	如何开户？	0
510	交易收费	证券转银行为什么转不了？	0
511	请问，要怎么区分港股通和A股的退市制度？	A股和港股通退市制度的区别	1
512	我证券的钱为啥不能转到银行卡	如何才可以买股票？	0
513	我佣金是多少	多少资金能达到多少的佣金？	1
514	佣金怎么看	如何查询佣金费率？	1
515	为什么资金可用不可取。	深港通股票交易如何操作？	0
516	资金可用和可取是什么意思？	如何开户？	0
517	有什么办法可以处理信用证券账户卡的遗失吗	信用证券账户卡遗失应如何处理？	1
518	忘记客户编号怎么办？	客户编号忘记了如何找回？	1
519	交易密码忘记了。怎么办啊	手机账号忘记了怎么办	0
520	我忘了我的客户编号了	客户编号忘记了如何找回？	1
521	交易登录编号是什么	如何修改账户交易密码？	1
522	忘记了客户编码	为何账户有资金无法转出？	0
523	当天卖出股票资金可转入银行卡里吗？	当日卖出股票后可以转出资金吗？	1
524	怎么开创业板	当日卖出股票后可以转出资金吗？	0
525	我把账号忘了	手机账号忘记了怎么办	1
526	股票里的钱转不出来怎么回事？	信用账户开立后何时生效？	0
527	我能开通创业板吗	手机账户密码忘记了怎么办	0
528	已经开户	如何开户？	1
529	怎样开权限	当日卖出股票后可以转出资金吗？	0
530	忘了交易密码怎么办？	忘记交易密码怎么办？	1
531	我证券的钱为啥不能转到银行卡	证券转银行为什么转不了？	1
532	怎么转不出来，钱	为何账户有资金无法转出？	1
533	我的资金为什么转不出去呢？	为何账户有资金无法转出？	1
534	接收委托在深交所新股上市首日临时停牌期间行吗？	ST股票为何无法买入？	0
535	请问资金密码忘了怎么办	忘记交易密码怎么办？	0
536	证转银未成功不知为什么？	深圳市场的债券可以采取的交易方式？	0
537	我要是想开通创业板	为何账户有资金无法转出？	0
538	哪里可以找到上交所股东大会网络投票平台	A股开户是否收费？	0
539	我刚卖了股票为什么钱不能从证券转银行	多少资金能达到多少的佣金？	0
540	我没有办外币银证转账业务，要怎样才可以取款？	证券转银行为什么转不了？	0
541	我这个可以买这种股票吗？	如何才可以买股票？	1
542	请问我想撤销当日的深交所转股，要怎么操作？	深交所转股申报当日如何撤销？	1
543	交易密码忘了	忘记交易密码怎么办？	1
544	如果我销户是不是就必须把账户里的股票卖完啊？	A股账户销户有哪些注意事项？	1
545	创业板怎么开通？	身份证过期如何办理？	0
546	为什么资金转出失败	证券转银行为什么转不了？	1
547	你好，我想咨询一下，开通创业板权限需要什么要求	开通创业板权限对账户有什么要求？	1
548	新三板股票转让交易的费用有什么？	新三板股票转让交易有哪些费用？	1
549	股票卖了，钱要转到银行，多少时间以后可以转出到银行	当日卖出股票后可以转出资金吗？	1
550	不知道现在佣金费率是多少？	多少资金能达到多少的佣金？	0
551	证券转银行转不了怎么回事	证券转银行为什么转不了？	1
552	为什么资金转不出去	银证转账的时间？	0
553	如何收取股票交易佣金？	如何收取股票交易佣金？	1
554	怎么开通创业板	如何修改账户交易密码？	0
555	能开通创业板吗	创业板如何开通	1
556	打新股需要什么要求	手机账户密码忘记了怎么办	0
557	请问申购的新股为什么没有配号？	申购新股后为何查询不到配号？	1
558	您好！请问我的交易佣金怎么查询	如何才可以买股票？	0
559	我的交易‘密码怎么找回密码	当日卖出股票后可以转出资金吗？	0
560	要什么样的条件才能申购新股	新股申购的条件？	1
561	佣金多少啊	如何修改金融终端个股分时图下方的成交量柱状线的颜色？	0
562	帐号也忘记了、	手机账号忘记了怎么办	1
563	忘了客户编号	客户编号忘记了如何找回？	1
564	创业板首次如何开通	创业板权限首次开通？	1
565	现在可以交易吗	股票的交易时间？	1
566	登入密码忘记怎么办	手机账户密码忘记了怎么办	1
567	佣金能调整吗，感觉好高	证券转银行为什么转不了？	0
568	新三板协议转让成交情况都有什么？	新三板协议转让有哪些成交情况？	1
569	股票交易收费	忘记交易密码怎么办？	0
570	你好，如何达到申购新股条件	如何调整期权交易权限？	0
571	请问我的帐号为什么登陆不上。	手机账户密码忘记了怎么办	0
572	今天股票卖了。今天钱可以转银行卡吗	证券转银行为什么转不了？	0
573	今天证券转银行不行吗	如何开户？	0
574	现在开户交易佣金是多少	网上开户佣金是多少？	1
575	我的交易账号因为手机损坏忘记了，请问如何找回	客户编号忘记了如何找回？	1
576	证券转银行怎么转不了呢	证券转银行为什么转不了？	1
577	怎么了，银行转不了钱	证券转银行为什么转不了？	1
578	为什么资金从证券转不了银行的	如何调整期权交易权限？	0
579	当日卖出股票资金什么时候可以转出	当日卖出股票后可以转出资金吗？	1
580	基金申购时可以使用哪些方式来扣取手续费那？	股票可以当天买入当天卖出吗？	0
581	你好，为什么我的账户不能转款出来	为何账户有资金无法转出？	1
582	怎么钱不能转证券	证券转银行为什么转不了？	1
583	请问我的交易密码不记得了	如何开户？	0
584	你好，怎么知道自己开通了创业板吗	网上开户佣金是多少？	0
585	怎么开创业版	创业板如何开通	1
586	为什么我的账号不能转钱进去了	创业板如何开通	0
587	怎么证卷不能转银行	证券转银行为什么转不了？	1
588	开通创业板	为何账户有资金无法转出？	0
589	想要办理创业板	新股中签后股份何时上市？	0
590	为什么我的帐户不能转款	为何账户有资金无法转出？	1
591	您好，请问申购沪证新股的条件。	创业板如何开通	0
592	为什么我账号转银行不允许？	证券转银行为什么转不了？	1
593	修改账户交易密码的方法是什么	创业板如何开通	0
594	B股资金交收时间	B股的交收规则？	1
595	如何更换银行卡？	多少资金能达到多少的佣金？	0
596	怎样找回资金密码	忘记资金密码怎么办？	1
597	股票可以当天买入当天卖出吗？	证券转银行为什么转不了？	0
598	怎么开通帐户	忘记交易密码怎么办？	0
599	交易登入密码忘记怎么找回	如何调整佣金费率？	0
600	为什么我不从证券转到银行转不了	证券转银行为什么转不了？	1
601	怎么开？	证券转银行为什么转不了？	0
602	股票手续费怎么收	如何收取股票交易佣金？	1
603	转账失败为什么	转账失败的原因？	1
604	如何交易股票？	如何交易股票？	1
605	交易密码修改的话，必须单独上传信息修改吗	如何修改账户交易密码？	1
606	为什么我要买ST的股票不让购入呢	新股中签，未及时缴款有什么影响？	0
607	当天卖出股票资金可转入银行卡里吗？	如何查询证券账号？	0
608	登陆账号上不去	忘记资金密码怎么办？	0
609	佣金调整	创业板如何开通	0
610	上海A股为什么开通不了	上交所债券的费用有哪些？	0
611	股票交易佣金怎样收取？	信用账户如何申购新股？	0
612	什么原因银行转账到帐户，转入失败	新股申购的配号规则？	0
613	佣金多少？	如何查询证券账号？	0
614	我的账号忘记了	手机账号忘记了怎么办	1
615	银行转不了	证券转银行为什么转不了？	1
616	请问证券转银行为什么转不了的？	证券转银行为什么转不了？	1
617	我的佣金手续费是多少？	多少资金能达到多少的佣金？	1
618	账号忘记了怎么办	证券转银行为什么转不了？	0
619	请问资金怎么转不了去银行	证券转银行为什么转不了？	1
620	为何我的钱转不出来	证券转银行为什么转不了？	0
621	请问证券金转银行转不了	证券转银行为什么转不了？	1
622	如何查询是否已开创业板	如何收取股票交易佣金？	0
623	开通创业板权限有什么要求吗？	创业板权限首次开通？	1
624	登陆密码忘记了	手机账户密码忘记了怎么办	1
625	如何查看佣金	如何查询佣金费率？	1
626	银行转债券失败	创业板如何开通	0
627	开创业板	创业板如何开通	1
628	为什么不能转入银行	新股申购的条件？	0
629	请问星期五卖出的股票资金今天转不出吗?	当日卖出股票后可以转出资金吗？	1
630	个人投资者开通深港通的条件	深市港股通开通条件	1
631	股票手续费怎么收	手机账号忘记了怎么办	0
632	身份证过期了，还可以进行账户交易吗？	多少资金能达到多少的佣金？	0
633	怎么开	证券转银行为什么转不了？	0
634	能不能把我的第三方存管取消？	如何注销三方存管账户？	1
635	我已经开户好几个月了，什么时候有买创业板权限	创业板权限开通的办理时间	1
636	您好，请问怎么开通创业板	创业板如何开通	1
637	期权的手续费和佣金是多少？	多少资金能达到多少的佣金？	1
638	深市中小企业板块A股证券代码是啥？	新股申购可以撤单吗？	0
639	自助开户的第三方存管要怎么补办？	为何账户有资金无法转出？	0
640	我以前开的户不知道怎么用	如何开户？	1
641	请问深交所 中签新股的查询电话是好多？	忘记交易密码怎么办？	0
642	怎么说让我开通创业	创业板如何开通	1
643	资金为什么转不出	为何账户有资金无法转出？	1
644	什么条件可以申购新股	新股申购的条件？	1
645	请问下怎么开户的啊	如何开户？	1
646	为何资金转不出去	如何转让中小企业私募债券？	0
647	我想把跟理财账户相关的银行卡取消了，要怎么做？	创业板如何开通	0
648	我忘记我的客户编号	深交所转股申报当日如何撤销？	0
649	资金怎么转不了	为何账户有资金无法转出？	1
650	为什么资金转入会提示失败的	开通创业板权限对账户有什么要求？	0
651	您好，请问怎么开通创业板	信用账户开通条件	0
652	开立信用账户有门槛吗？	如何收取股票交易佣金？	0
653	信用账户融资买入的证券市值纳入新股申购市值中吗？	多少资金能达到多少的佣金？	0
654	请问为什么我的资金不能转银行？	证券转银行为什么转不了？	1
655	新股申购失败：错误代码：B01，是什么情况？	新股申购失败：错误代码:B01？	1
656	我想要开户，但是身份证过期了，新身份证要隔段时间才能拿到，还可以开户吗？	如何修改账户交易密码？	0
657	银转证不成功	如何开户？	0
658	新三板协议转让怎么样才能成交？	新三板股票的即时行情包含哪些要素？	0
659	如何开通创业板，新三板	创业板如何开通	1
660	网下打新价格如何申报	忘记交易密码怎么办？	0
661	不允许转款是什么意思？	当日卖出股票后可以转出资金吗？	0
662	怎么转不了钱进去	新股申购可以撤单吗？	0
663	转帐失败的原因	创业板如何开通	0
664	请问账户为什么转不了银行？	证券转银行为什么转不了？	1
665	我想用信用账户操作要约收购，行吗	信用账户可以操作要约收购吗？	1
666	股票卖出，资金什么时候能取出	当日卖出股票后可以转出资金吗？	1
667	为什么资金从银行转不了？	客户编号忘记了如何找回？	0
668	可以开户吗	佣金与手续费的区别？	0
669	找回交易密码	新股中签如何缴款？	0
670	怎么开通帐户	如何开户？	1
671	您好我的账户怎么不能转款啊	为何账户有资金无法转出？	1
672	您好！为什么证券转银行的资金转不出来？	证券转银行为什么转不了？	1
673	我想问一下，我这个手续费是多少呀	多少资金能达到多少的佣金？	1
674	我的账户为什么转不出钱？	如何注销证券账户？	0
675	A股和港股通的退市制度有什么不一样？	如何开户？	0
676	身份证到期了，对账户交易有影响吗？	手机账号忘记了怎么办	0
677	申请新三板挂牌需要多久？	新三板挂牌申请需要多少时间？	1
678	忘记我帐号	如何收取股票交易佣金？	0
679	要是以后我不投资了，撤销账户怎么撤销	如何注销证券账户？	1
680	客户编号忘了，密码忘了，怎么办？	手机账户密码忘记了怎么办	1
681	转账失败的原因？	转账失败的原因？	1
682	明天卖股票后能当天销户吗	当日卖出股票后可以转出资金吗？	0
683	请问今天卖掉股票的钱今天不能转账回银行吗？	三板交易权限如何取消？	0
684	网下大新资格允许在多家券商间使用吗？	网上开户佣金是多少？	0
685	更换同一银行三方存管银行卡必须本人的吗	忘记资金密码怎么办？	0
686	怎么更改银行卡的啊？	手机账户密码忘记了怎么办	0
687	账号登录不进去	如何开户？	1
688	我交易秘码忘了，	为何账户有资金无法转出？	0
689	找回交易密码	忘记交易密码怎么办？	1
690	？怎么不能转钱出来	为何账户有资金无法转出？	1
691	怎么转不出来，钱	开通创业板权限对账户有什么要求？	0
692	你好我的资金怎么转不进来	信用账户可以购买ST股票吗？	0
693	买不了股票是什么原因啊	忘记交易密码怎么办？	0
694	忘记账户密码	B股是约定购回的标的券吗？	0
695	我创业板不是已经开通了？	新股申购的条件？	0
696	银转证咋转不了呀	证券转银行为什么转不了？	1
697	不记得开户帐号了	如何开户？	1
698	我的账号为何不能登录？	如何开户？	1
699	怎么转不出资金	为何账户有资金无法转出？	1
700	我知道密码，但是账号忘记啦	忘记交易密码怎么办？	0
701	新股和创业股在什么条件下才能申购？	新股申购的条件？	1
702	你好，请问为何我的邮政储蓄银行转账不到帐户？	转账失败的原因？	1
703	网上开户佣金是多少？	如何更换银行卡？	0
704	B股股票怎么作为融资融券的担保品？	证券转银行为什么转不了？	0
705	我忘记交易账号了怎么办	为何账户有资金无法转出？	0
706	开户中	客户编号忘记了如何找回？	0
707	为什么我的账号不能转钱进去了	为何账户有资金无法转出？	1
708	我在你处有B股。还想开通A股，能在网上申请吗？	如何开户？	1
709	为什么现在不能交易	忘记资金密码怎么办？	0
710	我证卷有可取现金，但我转不了银行	如何收取股票交易佣金？	0
711	新股不符合申购条件？	如何查询佣金费率？	0
712	现在开通创业板权限需要什么资质？	新股申购时会冻结资金吗？	0
713	你好，我登录密码忘记了	多少资金能达到多少的佣金？	0
714	请问我们资金从银行转证券转不了	证券转银行为什么转不了？	1
715	为什么转不出钱到银行	忘记交易密码怎么办？	0
716	现在证券转银行帐户怎么转不了	为何账户有资金无法转出？	0
717	中了新股怎么缴款啊	新股中签如何缴款？	1
718	为什么银转证转不出	如何查询佣金费率？	0
719	我的账户号忘记了	创业板如何开通	0
720	为啥转不出钱	为何账户有资金无法转出？	1
721	既忘记客户编号又忘了密码怎么办	忘记交易密码怎么办？	0
722	你好，请问现在有开通创业板的名额吗	深圳市场的债券可以采取的交易方式？	0
723	手机如何在信用账户申购新股？	信用账户如何申购新股？	1
724	什么是新三版股票转让的计价单位？	创业板权限首次开通？	0
725	开户套餐有哪些	证券转银行为什么转不了？	0
726	你好，我的账号忘了怎么办？	手机账号忘记了怎么办	1
727	请问我想申购ETF基金，可以使用信用账户的股票吗/	信用账户的股票可以申购ETF基金吗？	1
728	你好，怎么知道自己开通了创业板吗	创业板如何开通	1
729	你好，我几次新股认购数量输入都说超出限额怎么回事	证券转银行为什么转不了？	0
730	怎么帐号登录不上	如何开户？	1
731	怎么开户啊	如何开户？	1
732	我刚才为何银行资金转账到证券失败？	新三板股票清算交收规则？	0
733	新股中签应该怎样缴款呢	证券转银行为什么转不了？	0
734	佣金调整	如何调整佣金费率？	1
735	想问下，我怎么查佣金	如何查询佣金费率？	1
736	今天卖出的股票，是今天的吗？	网上开户佣金是多少？	0
737	要什么样的条件才能申购新股	网上开户佣金是多少？	0
738	银转证为什么转不了	创业板如何开通	0
739	我怎么才能卖出股票	如何才可以买股票？	1
740	信用账户开立后多长时间可以生效？	如何转让中小企业私募债券？	0
741	收购上市公司有哪些方法？	上市公司收购可采取哪些方式？	1
742	怎么改银行卡	同一个账号允许在不同的手机上同时登录吗？	0
743	怎么开创业板?	如何开户？	0
744	交易佣金如何调整？	手机账号忘记了怎么办	0
745	我申购新股时，提示我 委托数量高于最大限额  是什么意思？	新股申购的条件？	0
746	如何更换不同银行的三方存管？	如何更换不同银行的三方存管？	1
747	佣金和手续费的区别	客户编号忘记了如何找回？	0
748	对于竞价交易临时停牌，上交所有什么规定？	手机账户密码忘记了怎么办	0
749	问一下打新股需要什么条件	新股申购的条件？	1
750	我的账号可以开通创业板了吗	创业板如何开通	1
751	你好，我的上海A股为什么开通不了呢？	如何开户？	1
752	已经开户了啊！	创业板权限首次开通？	0
753	我的账号忘了能告诉我吗	手机账号忘记了怎么办	1
754	创业板权限转签	创业板权限转签如何操作？	1
755	为什么我的资金不能转银行	转账失败的原因？	0
756	为何资金转不出	多少资金能达到多少的佣金？	0
757	我想问下，开户交易手续费是多少	网上开户佣金是多少？	1
758	今天卖出的股票资金何时可以转到银行卡？	多少资金能达到多少的佣金？	0
759	如何更改第三方存管银行	如何更换同一银行的三方存管银行卡？	1
760	我怎么不符合申购的条件？	新股申购的条件？	1
761	我的好像已经开通创业板了	转账失败的原因？	0
762	怎么开户呀	客户编号忘记了如何找回？	0
763	为什么我不从证券转到银行转不了	如何查询佣金费率？	0
764	忘记交易登录密码了怎么办	深市港股通的投资者可以办理港股的转托管吗？	0
765	新股上市首日委托买入显示废单是什么意思？	上交所对竞价交易临时停牌有何规定？	0
766	提现咋提不出去	证券转银行为什么转不了？	1
767	交易密码不记得了	证券转银行为什么转不了？	0
768	忘了资金密码怎么办	信用账户可以交易哪些股票？	0
769	我这个可以买这种股票吗？	当日卖出股票后可以转出资金吗？	0
770	新三板股票转让的费用如何计算？	新三板股票转让交易有哪些费用？	1
771	为什么新股上市首日委托买入是废单？	新股中签会有短信通知吗？	0
772	忘了客户编号	如何开户？	0
773	交易密码怎么错了	股票可以当天买入当天卖出吗？	0
774	怎么才能开通创业板	如何修改账户交易密码？	0
775	股票交易怎样收费	股票交易费用	1
776	我想开通创业板	创业板如何开通	1
777	收购上市公司有哪些方法？	忘记交易密码怎么办？	0
778	银行转证券转不了，是怎么回事？	B股实行T+0回转交易吗？	0
779	不能在网上直接销户吗？账户还没正式启用	如何注销证券账户？	1
780	手机被偷了，我的电子签名要怎么弄？	忘记交易密码怎么办？	0
781	股票买入后多久可以卖出啊	股票可以当天买入当天卖出吗？	1
782	为何资金转不出去	为何账户有资金无法转出？	1
783	请问我交易密码不记得怎么办呢，?	忘记交易密码怎么办？	1
784	我已开通创业板，	深交所逆回购的起点金额？	0
785	你好，请问下，我想网上开户，但是第二代身份证刚过期了，拿新身份证需要1-2月，请问一定要等到新身份证才能办理吗	信用账户开通条件	0
786	新三板市场披露信息的方式是什么？	新三板市场是如何披露信息？	1
787	银行转证券转不了	证券转银行为什么转不了？	1
788	请问你们能开户吗	如何开户？	1
789	如何取消第三方存管	如何注销三方存管账户？	1
790	证券账户在哪开	新股申购的条件？	0
791	证转银，资金帐号密码忘记怎么办，	股票可以当天买入当天卖出吗？	0
792	怎么用电话的方式委托查询新股申购配号？	如何通过电话委托查询新股申购配号？	1
793	创业版如何开通	为何账户有资金无法转出？	0
794	为啥钱在账户提不出来	为何账户有资金无法转出？	1
795	多久调整一次深证成份指数成份股？	深证成份指数成份股多长时间调整一次？	1
796	证券转银行怎么转不了啊？	证券转银行为什么转不了？	1
797	请问，申购新股时要注意什么呢	新股申购有何注意事项？	1
798	每天股票的交易时间	股票的交易时间？	1
799	你好，信用账户在那申购新股呢	为何账户有资金无法转出？	0
800	上交所债券的费用都包括什么？	上交所债券的费用有哪些？	1
801	我的账户打不开	身份证到期影响账户交易吗？	0
802	为什么我的资金转不了银行	网下打新资格是否支持在多家券商间使用？	0
803	我以前注册过帐号忘了怎么办	手机账号忘记了怎么办	1
804	如何开创业板	创业板如何开通	1
805	我的账号登录密码忘记了怎么办	如何查询佣金费率？	0
806	你好，我的电脑被盗了我那个账号忘记了能帮我查一下吗？	客户编号忘记了如何找回？	1
807	为何证券券转银行失败呢	证券转银行为什么转不了？	1
808	信用账户在网上能开通吗？	证券转银行为什么转不了？	0
809	费率多少	如何查询证券账号？	0
810	申购新股有什么条件！	如何开户？	0
811	为什么账号登录不上	如何开户？	1
812	资金转出失败	手机账号忘记了怎么办	0
813	网上交易权限取消的方法是什么	ST股票为何无法买入？	0
814	我之前开户了的	如何开户？	1
815	B股证券代码深交所的是如何编制的？	新股申购的条件？	0
816	手续费降低了在你这里可以调整吗	证券转银行为什么转不了？	0
817	我已开户	如何开户？	1
818	B股交收规则是什么？	自助开户后如何补办三方存管？	0
819	通过什么方式可以进行上市公司收购？	如何交易股票？	0
820	不好意思 我的资金密码太久没用忘记了 怎么找回来？	申购新股后为何查询不到配号？	0
821	我可以开通创业板吗？	信用账户可以参与逆回购吗？	0
822	请问一下，打新股的条件是什么？	新股申购的条件？	1
823	深交所新股上市首日临时停牌期间可以接受委托吗？	当日卖出股票后可以转出资金吗？	0
824	你好，当天卖出的股票资金不能转回银行卡吗	当日卖出股票后可以转出资金吗？	1
825	客户编号忘记了如何找回	客户编号忘记了如何找回？	1
826	我想调整我的期权交易权限，怎么操作呢	如何调整期权交易权限？	1
827	不允许转款是什么意思？	为何账户有资金无法转出？	1
828	我想知道沪市港股通可以购买哪些股票？	如何调整佣金费率？	0
829	不去营业厅，可以有办法开通网上委托权限吗	手机账户密码忘记了怎么办	0
830	已经开户了，怎么登	手机账号忘记了怎么办	0
831	你好，我想问下为啥我买不了ST股票	ST股票为何无法买入？	1
832	账号忘记	手机账号忘记了怎么办	1
833	请问我想撤销当日的深交所转股，要怎么操作？	如何才可以买股票？	0
834	能给我开通创业板吗	A股和港股的显示颜色有什么区别？	0
835	怎么用电话的方式委托查询新股申购配号？	如何开户？	0
836	要办理创业板	创业板如何开通	1
837	为何证券券转银行失败呢	当日卖出股票后可以转出资金吗？	0
838	我怎么符合申购新股的条件	新股中签如何缴款？	0
839	用什么办法可以注销信用账户？	如何注销信用账户？	1
840	我的交易佣金是多少	如何通过电话委托查询新股中签？	0
841	佣金多少	多少资金能达到多少的佣金？	1
842	我忘了我的登录账号和密码	手机账户密码忘记了怎么办	1
843	忘记交易登录密码了怎么办	忘记交易密码怎么办？	1
844	新户申购新股，要满足那些条件才能申购	新股申购的条件？	1
845	创业板转签需要先在我开始开户的地方开通转签权限？	证券转银行为什么转不了？	0
846	什么是新三板股票的编码规则	新三板股票的编码规则？	1
847	登录账号忘记了	股票交易费用	0
848	网上交易权限取消的方法是什么	网上委托权限如何取消？	1
849	帮忙开通创业板	创业板如何开通	1
850	为啥转不进去钱？	为何账户有资金无法转出？	1
851	登录不成功，是什么原因	信用账户可以交易哪些股票？	0
852	我的资金提不出来怎么回事	为何账户有资金无法转出？	1
853	忘记资金密码怎么办？	忘记资金密码怎么办？	1
854	为什么我的账户资金转不出	为何账户有资金无法转出？	1
855	就是证券转银行转不出来为什么	证券转银行为什么转不了？	1
856	为什么现在不能交易	股票的交易时间？	1
857	为什么银行卡的钱转不进来	新股申购的条件？	0
858	股票期权怎么交易	客户编号忘记了如何找回？	0
859	我的客户帐号忘了，怎么办？	客户编号忘记了如何找回？	1
860	为什么我昨天买的股票今天卖不	当日卖出股票后可以转出资金吗？	0
861	我忘记登陆密码了怎么办	手机账户密码忘记了怎么办	1
862	现在不能交易吗	股票的交易时间？	1
863	我昨天开户的，忘记了我的帐号	客户编号忘记了如何找回？	1
864	怎么转不出去钱	为何账户有资金无法转出？	1
865	我能开通创业板吗	创业板如何开通	1
866	当日卖出的股票资金会在当天3点收市能转出吗？	创业板权限开通的办理时间	0
867	为什么银行转不了证券帐户	如何更换同一银行的三方存管银行卡？	0
868	您好，我想变更第三方存管银行，怎么办理。银行不变，只是换个卡	如何更换银行卡？	0
869	现在开户的话佣金多少呢？	新股申购的条件？	0
870	我想问一下，申购新股的条件是什么	如何开户？	0
871	资金密码给忘记了，	如何注销三方存管账户？	0
872	忘记登陆账号	佣金与手续费的区别？	0
873	开户有什么套餐	如何开户？	1
874	我想知道调整期权交易权限的具体流程	如何调整期权交易权限？	1
875	我的佣金率是多少啊	证券转银行为什么转不了？	0
876	周末不能银证转账？	身份证过期可以办理开户吗？	0
877	B股最后交易日	B股的交易时间？	1
878	银行转证券转不了	新股申购时会冻结资金吗？	0
879	我买不了ST股是怎么回事呀	若手机丢失，需要重新申请电子签名吗？	0
880	如果是多个账号的话，新股申购的市值是计算全部总和吗？	新股申购市值会合并计算多个证券账户的吗？	1
881	以前开过户	如何开户？	1
882	深市新股上市首日临时停牌是怎么规定的？	深市新股上市首日临时停牌有何规定？	1
883	为什么银行转证券失败了？	当日卖出股票后可以转出资金吗？	0
884	股票交易时间都在哪几个时间段	ST股票为何无法买入？	0
885	你好，我几次新股认购数量输入都说超出限额怎么回事	新股申购有数量要求吗？	1
886	证券里的钱转不出来	证券转银行为什么转不了？	1
887	如何查看佣金	ST股票为何无法买入？	0
888	你好，我想知道我账户股票交易的手续费	证券转银行为什么转不了？	0
889	那我现在账户里有股票，能销户吗	A股账户销户有哪些注意事项？	1
890	网下打新申报价格有规定吗	网下打新申报价格有什么规定？	1
891	证券转银行转不到	如何开户？	0
892	农行转证券为什么转不了	证券转银行为什么转不了？	1
893	请问，我想申请新三板挂牌要多长时间？	新三板挂牌申请需要多少时间？	1
894	资金为什么转不出	信用账户卖出证券得到现金想自动偿还负债，怎么办？	0
895	期权交易权限申请要求有哪些期权模拟交易经历？	申请期权交易权限需具备哪些模拟交易经历？	1
896	新股申购中签会有通知吗	手机账户密码忘记了怎么办	0
897	对于竞价交易临时停牌，深圳交易所有什么规定？	深交所对竞价交易临时停牌有何规定？	1
898	为什么钱转不出来	如何开户？	0
899	忘记账户密码	手机账户密码忘记了怎么办	1
900	我的可以开通创业板了吗	如何查询证券账号？	0
901	使用信用账户需要什么条件？	信用账户的使用限制	1
902	沪深当日买入可以当日卖出	手机账户密码忘记了怎么办	0
903	当日卖完股票，能当日转出资金吗？	当日卖出股票后可以转出资金吗？	1
904	怎么我资金转不出来	为何账户有资金无法转出？	1
905	忘记了登录密码怎么办？	创业板如何开通	0
906	新三版股票转让是用什么单位计价的？	信用账户如何操作配债？	0
907	我忘了我的登录账号和密码	如何重置信用账户密码？	0
908	开通创业板权限需要什么证件	多少资金能达到多少的佣金？	0
909	转不出钱到银行	证券转银行为什么转不了？	1
910	我的一个账号密码忘了	手机账户密码忘记了怎么办	1
911	我不想在网上交易了，如何取消权限	如何收取股票交易佣金？	0
912	今天卖出的股票 资金什么时候可以取出到银行卡	当日卖出股票后可以转出资金吗？	1
913	请问账户为什么转不了银行？	A股开户是否收费？	0
914	怎么查费率	如何查询佣金费率？	1
915	银行卡可以改吗	如何注销三方存管账户？	0
916	港股市值可用来申购新股吗？	证券转银行为什么转不了？	0
917	当日卖出股票资金什么时候可以转出	证券转银行为什么转不了？	0
918	登陆密码忘记怎么办	证券转银行为什么转不了？	0
919	如何收取股票交易佣金？	如何开户？	0
920	ST股票为什么买不了呢	ST股票为何无法买入？	1
921	最少可以买多少B股	如何查询佣金费率？	0
922	你好，申购今天的新股，会冻结资金吗	新股申购时会冻结资金吗？	1
923	什么是信用账户销户的条件？	信用账户销户条件？	1
924	为什么资金不可取	忘记资金密码怎么办？	0
925	股票交易时间是什么时候	股票的交易时间？	1
926	我在外地交易密码忘记了	如何开户？	0
927	你好，如何达到申购新股条件	新股申购的条件？	1
928	我知道密码，但是账号忘记啦	手机账户密码忘记了怎么办	1
929	我之前在你们开过户	新股申购的条件？	0
930	我刚卖出的股票资金什么转出	网上委托权限如何取消？	0
931	资金转不出怎么回事	客户编号忘记了如何找回？	0
932	我忘记登陆密码了怎么办	如何开户？	0
933	忘记了交易密码	如何调整佣金费率？	0
934	为什么账号登录不上	A股和港股的显示颜色有什么区别？	0
935	我要是想开通创业板	创业板如何开通	1
936	创业板怎么开通？	创业板如何开通	1
937	忘了帐号	手机账号忘记了怎么办	1
938	忘了资金密码怎么办	忘记资金密码怎么办？	1
939	手机App里开户后，如何绑定第三方存管	自助开户后如何补办三方存管？	1
940	创业板怎么开通呢	创业板如何开通	1
941	我忘记登陆密码了	手机账户密码忘记了怎么办	1
942	新三板企业的限售期是什么时候呀	新三板企业的限售期？	1
943	用什么办法可以注销信用账户？	证券转银行为什么转不了？	0
944	你好，我的交易密码忘了，怎么修改	如何修改账户交易密码？	1
945	接收委托在深交所新股上市首日临时停牌期间行吗？	深交所新股上市首日临时停牌期间接受委托吗？	1
946	我转银行突然冻结了	为何账户有资金无法转出？	0
947	我今天一键大新股数按错了，可以撤单吗	新股申购的条件？	0
948	港股和A股的显示颜色有什么不同？	A股和港股的显示颜色有什么区别？	1
949	我想调整我的期权交易权限，怎么操作呢	如何修改成本价数值？	0
950	请问打新股需要具备什么条件？	创业板如何开通	0
951	要什么条件才能申购新股啊	证券转银行为什么转不了？	0
952	深交所人民币特种股证券代码是根据什么编制的？	深交所B股证券代码的编制原则是什么？	1
953	不允许取款的原因?	新股申购的条件？	0
954	我账号密码忘了	证券转银行为什么转不了？	0
955	想要办理创业板	创业板如何开通	1
956	为什么证券转银行转不了？	证券转银行为什么转不了？	1
957	我的登录密码忘掉了	手机账户密码忘记了怎么办	1
958	可以通过哪些方式修改成本价	如何修改成本价数值？	1
959	新三板协议成交的方式有哪几种？	新股申购的条件？	0
960	开通深港通要什条件，是资产值五十万还是资金五十万	多少资金能达到多少的佣金？	0
961	中小企业私募债券是怎么进行转让的？	股票的交易时间？	0
962	账号忘记了	信用账户资金无法转出的原因	0
963	港股市值可用来申购新股吗？	新股申购的市值计算范围？	1
964	深圳市场可以通过哪些渠道来交易港股通？	深港通股票交易如何操作？	1
965	证转银，资金帐号密码忘记怎么办，	忘记资金密码怎么办？	1
966	我开户	如何开户？	1
967	忘记用户帐号了	客户编号忘记了如何找回？	1
968	我想查下我的信用账户的新股额度，能帮帮我吗	如何开户？	0
969	请问申购新股需要满足什么条件才能申购？	证券转银行为什么转不了？	0
970	你好怎样开通创业板	网上开户佣金是多少？	0
971	银行的钱转证卷怎么转不了	上交所股票期权行权价格间距如何设置？	0
972	新三板协议转让成交情况都有什么？	为何账户有资金无法转出？	0
973	股票手续费	信用账户对应银行的券商代码？	0
974	银转证失败	证券转银行为什么转不了？	1
975	你好！我把账号密码都忘了	上交所逆回购品种和代码有哪些？	0
976	你好忘记账户编号	B股实行T+0回转交易吗？	0
977	我的账号打不开了	深港通股票交易如何操作？	0
978	中小企业私募债券是怎么进行转让的？	如何转让中小企业私募债券？	1
979	网下打新申报价格有规定吗	信用账户的使用限制	0
980	你好，我的身份证过期了，可以开户吗？	网上开户佣金是多少？	0
981	请问我的证劵转银行怎么转不了呢	证券转银行为什么转不了？	1
982	期权交易权限可以调整吗，可以的话方法是怎样的呢	如何调整期权交易权限？	1
983	怎样更换银行卡	如何更换银行卡？	1
984	咨询下，新三板购买权限如何开通	为何账户有资金无法转出？	0
985	新股中签是自动缴款吗	深交所新股上市首日临时停牌期间接受委托吗？	0
986	请问为什么我的资金不能转银行？	手机账户密码忘记了怎么办	0
987	已经开户了，但登录时要帐号	如何开户？	1
988	请问深交所 中签新股的查询电话是好多？	如何通过电话委托查询新股中签？	1
989	当日卖完股票，能当日转出资金吗？	如何查询证券账号？	0
990	为什么证券转银行不行?	证券转银行为什么转不了？	1
991	我的资金转不出银行的	证券转银行为什么转不了？	1
992	如何查看交易佣金	忘记交易密码怎么办？	0
993	？怎么不能转钱出来	如何收取股票交易佣金？	0
994	交易佣金是多少？	客户编号忘记了如何找回？	0
995	开通创业板权限，目前需要办理哪些手续？	ST股票为何无法买入？	0
996	登录密码忘记怎么办	如何开户？	0
997	上海ST、*ST的交易条件有哪些？	转账失败的原因？	0
998	能给我开通创业板吗	创业板如何开通	1
999	我今天把股票卖了，可以今天销户吗？	如何修改交易密码	0
1000	为什么信用账户的现金资产不能进行新股中签款缴款？	股票可以当天买入当天卖出吗？	0
1001	当日卖出的股票资金会在当天3点收市能转出吗？	当日卖出股票后可以转出资金吗？	1
1002	有什么方法信用账户可以购买非标的证券？	信用账户可以购买非标的证券吗？	1
1003	哪些是上交所债券的费用？	上交所债券的费用有哪些？	1
1004	我可以买什么股票	手机账户密码忘记了怎么办	0
1005	要怎样开通创业板	创业板如何开通	1
1006	信用账户开立后几日生效？	证券转银行为什么转不了？	0
1007	能告诉我信用账户的券商代码吗？	信用账户对应银行的券商代码？	1
1008	有哪些模拟交易经历就可以申请期权交易权限了？	申请期权交易权限需具备哪些模拟交易经历？	1
1009	我想开通购买创业板的权限，怎么办理？	新股申购的条件？	0
1010	身份证信息过期了，我在网上能更新吗？	身份证过期如何办理？	1
1011	加开账户	客户编号忘记了如何找回？	0
1012	忘记登入密码怎么办	手机账户密码忘记了怎么办	1
1013	理财账户的开户费是多少？	网上开户佣金是多少？	1
1014	忘了交易密码，如果可以知道	证券转银行为什么转不了？	0
1015	新三板能否办理融资融券的业务？	身份证号码变更后如何修改？	0
1016	创业板怎么开	创业板如何开通	1
1017	app开户佣金多少	网上开户佣金是多少？	1
1018	你好，我想知道我账户股票交易的手续费	股票交易费用	1
1019	我买不了ST股是怎么回事呀	如何查询证券账号？	0
1020	我申请打新股，为什么总是不符合条件呢	新股申购的条件？	1
1021	B股交易费用？	B股交易的费用？	1
1022	我的钱怎么转不了银行“呢？	证券转银行为什么转不了？	1
1023	注销账户需要什么手续	如何注销证券账户？	1
1024	如果竞价交易临时停牌，深交所怎么处理？	深交所对竞价交易临时停牌有何规定？	1
1025	忘记账号密码怎么办	证券转银行为什么转不了？	0
1026	对于竞价交易临时停牌，上交所有什么规定？	上交所对竞价交易临时停牌有何规定？	1
1027	如何开创业板	证券转银行为什么转不了？	0
1028	股票资金转不出	为何账户有资金无法转出？	1
1029	我想问一下，外币证券转银证的金额有限制吗？	如何开户？	0
1030	我的客户编号忘记了	新三板可以做融资融券交易吗？	0
1031	有多少是信用账户三方存管的银行？	信用账户三方存管的银行有哪些？	1
1032	这里可以开户吗	如何修改交易密码	0
1033	你好，账号密码忘了怎么办	手机账户密码忘记了怎么办	1
1034	你好，为什么新股可申购数量有误?我只能申购1000股，可是软件显示的是6000股，	新股申购有数量要求吗？	1
1035	已经开过户	如何开户？	1
1036	资金转账为什么转不进去	为何账户有资金无法转出？	1
1037	是否可以通过微信修改资金密码	如何修改账户资金密码？	1
1038	忘记密码和编号	客户编号忘记了如何找回？	0
1039	在手机版交易系统中怎么修改中签手机号码	如何修改接收新股中签提醒短信的手机号码？	1
1040	客户编号忘记了，怎么查找	为何账户有资金无法转出？	0
1041	修改K线图的副图指标参数在金融终端上的操作流程	如何修改金融终端K线图的副图指标参数？	1
1042	忘记资金账号密码怎么找回啊	忘记资金密码怎么办？	1
1043	如何开通证卷账户	如何查询证券账号？	1
1044	哪些是深交所债券的费用？	深圳市场的新股配号为何有小数点？	0
1045	我账号忘记怎么办	新三板股票转让交易有哪些费用？	0
1046	我今天一键大新股数按错了，可以撤单吗	新股申购可以撤单吗？	1
1047	今天卖的股票，	股票可以当天买入当天卖出吗？	1
1048	用什么方法处理申报深市股票委托时，提示：证券账户无效	B股的交收规则？	0
1049	沪深当日买入可以当日卖出	股票可以当天买入当天卖出吗？	1
1050	新股ipo网上发行制度都有什么修改？	新股IPO网上发行制度有哪些修改？	1
1051	查看创业板开通情况	手机账号忘记了怎么办	0
1052	我想用信用账户买ST股票可以吗	证券转银行为什么转不了？	0
1053	证券转银行转不了什么情况	新股申购的条件？	0
1054	请问为什么我的资金转不出	为何账户有资金无法转出？	1
1055	信用账户密码要怎样重置？	如何重置信用账户密码？	1
1056	上交所债券质押式回购竞价交易的有效竞价范围包括什么呢	如何开户？	0
1057	亲，怎样改交易密码和通讯密码	手机账号忘记了怎么办	0
1058	股票交易费用	股票可以当天买入当天卖出吗？	0
1059	信用证券账户如何注销后重新开户？	为何账户有资金无法转出？	0
1060	申购新股受限，到期需要解除限制吗？	新股申购受限后，到期是否需办理解限手续？	1
1061	股票佣金	如何收取股票交易佣金？	1
1062	沪深A股也没有开户费吗	如何开户？	0
1063	新三板有几种指数类型？分别是什么?	为何账户有资金无法转出？	0
1064	深市货币ETF是通过何种方式来计算收益的？	深圳货币ETF收益计算规则	1
1065	您好，请问从其他证券公司转户怎么转	创业板如何开通	0
1066	70岁以上老人能在手机上开户吗？	70岁以上自然人可以手机开户吗?	1
1067	账号登录密码忘了	手机账户密码忘记了怎么办	1
1068	请问怎么找回客户编号	客户编号忘记了如何找回？	1
1069	请问，我想申请新三板挂牌要多长时间？	信用账户卖出证券得到现金想自动偿还负债，怎么办？	0
1070	上海证券交易所逆回购的起点是什么？	上交所逆回购的起点金额？	1
1071	什么情况？钱转不出来？	为何账户有资金无法转出？	1
1072	怎样修改交易密码	证券转银行为什么转不了？	0
1073	我想转账到银行卡，怎么转不了？	证券转银行为什么转不了？	1
1074	信用账户的资金为什么不能转出呢	信用账户资金无法转出的原因	1
1075	为什么我钱转不出,去	为何账户有资金无法转出？	1
1076	申购创业板的新股  需要什么条件	新股申购的条件？	1
1077	创业板怎么开通	创业板权限转签如何操作？	0
1078	账号忘记了	手机账号忘记了怎么办	1
1079	约定购回的标的卷可以是人民币特种股吗？	自助开户后如何补办三方存管？	0
1080	去营业网点注销账户，需要带什么	创业板如何开通	0
1081	我忘记交易账号了怎么办	手机账号忘记了怎么办	1
1082	什么样的股票可以计算市值？	新股申购的市值计算范围？	1
1083	忘了帐号	A股和港股通退市制度的区别	0
1084	上市公司进行重大资产重组，需要多长时间停牌？	上市公司进行重大资产重组，停牌时间最长期限是多久？	1
1085	什么时候能银行证券之间转账	银证转账的时间？	1
1086	我忘记了交易帐号	如何交易股票？	0
1087	为什么钱转不出去	网上开户佣金是多少？	0
1088	新股ipo网上发行制度都有什么修改？	申报深市股票委托时，提示：证券账户无效，该如何处理？	0
1089	请问怎么找回客户编号	转账失败的原因？	0
1090	我想问比如今天把股票买了然后明天钱可以转出来吗	转账失败的原因？	0
1091	昨天卖的股今天提不出款来吗？	深圳证券交易所证券代码编制原则是什么？	0
1092	你好！请问一下我的银证不能转账到银行	如何开户？	0
1093	已经开户了	如何开户？	1
1094	怎么样才可以用信用账户卖出证券得到现金想自动偿还负债	信用账户卖出证券得到现金想自动偿还负债，怎么办？	1
1095	股票怎么收费	如何收取股票交易佣金？	1
1096	为什么我的钱转不出来呢	为何账户有资金无法转出？	1
1097	手续费是万几啊	多少资金能达到多少的佣金？	1
1098	要多久新三板交易？	新三板交易时间？	1
1099	新股和创业股在什么条件下才能申购？	股票交易费用	0
1100	有哪些回拨机制是新股申购的？	新股申购的回拨机制？	1
1101	请问登陆密码忘了怎么办	手机账户密码忘记了怎么办	1
1102	证卷转银行转不了	如何调整佣金费率？	0
1103	忘记交易码	忘记交易密码怎么办？	1
1104	我的资金转不出	为何账户有资金无法转出？	1
1105	登录密码忘了	手机账户密码忘记了怎么办	1
1106	信用账户操作配股的方法	如何注销证券账户？	0
1107	已经开户	当日卖出股票后可以转出资金吗？	0
1108	我怎么符合申购新股的条件	新股申购的条件？	1
1109	忘记资金账号密码怎么找回啊	新股中签如何缴款？	0
1110	想问下，我怎么查佣金	为何账户有资金无法转出？	0
1111	ST股票怎么没法买呢？	上市公司进行重大资产重组，停牌时间最长期限是多久？	0
1112	当日赎回股票，何时可以转出资金？	手机账户密码忘记了怎么办	0
1113	我想开通购买创业板的权限，怎么办理？	创业板权限开通的办理时间	1
1114	B股交收规则是什么？	B股的交收规则？	1
1115	你们这里的佣金是多少	多少资金能达到多少的佣金？	1
1116	深交所配股认购的名称是如何编制的？	深交所配股认购名称的编制原则？	1
1117	股票佣金	新股申购的条件？	0
1118	我的帐号和密码都忘了怎么办	手机账户密码忘记了怎么办	1
1119	满足什么条件才能参与深市的大宗交易	深圳市场大宗交易的条件？	1
1120	忘了交易密码怎么办？	上交所逆回购品种和代码有哪些？	0
1121	身份证到期了会影响账户交易吗？	深港通股票为A+H股的，A股停牌与H股停牌是否同步？	0
1122	手机被偷了，我的电子签名要怎么弄？	若手机丢失，需要重新申请电子签名吗？	1
1123	怎么查看是否具有申购新股的条件	新股申购的条件？	1
1124	钱为什么转不了银行	证券转银行为什么转不了？	1
1125	客户编号忘记了如何找回	创业板如何开通	0
1126	咋样开通创业板	新三板股票申报价格是否有涨跌幅限制？	0
1127	请问登陆密码忘了怎么办	新股申购市值会合并计算多个证券账户的吗？	0
1128	我开户	信用账户如何查询新股申购额度？	0
1129	*st股票会在哪些情况下退市呢？	*st股票在什么情况下退市？	1
1130	如何区分A股和港股的显示颜色？	如何开户？	0
1131	创业板如何开通？	创业板如何开通	1
1132	为什么我申购新股的时候，总是提示不具备申购条件？	忘记交易密码怎么办？	0
1133	证劵钱转银行 怎么转不了 怎么回事	A股账户销户有哪些注意事项？	0
1134	你好！我把账号密码都忘了	手机账户密码忘记了怎么办	1
1135	现在开户收费多少	网上开户佣金是多少？	1
1136	我的帐户怎么不能进行和银行间的转账了？	转账失败的原因？	1
1137	网上开户上A股和深A股都要各收20元手续费吗？	客户编号忘记了如何找回？	0
1138	如何开创业版	如何交易股票？	0
1139	我银行转证劵为啥转不了？	手机账户密码忘记了怎么办	0
1140	我的帐户怎么不能进行和银行间的转账了？	新三板协议转让的成交规则？	0
1141	怎样区分A股股票配股与增发的缴款时间？	创业板如何开通	0
1142	怎么才能把股票卖出去	证券转银行为什么转不了？	0
1143	交易密码怎么老是错的	创业板如何开通	0
1144	请问，账户忘了怎么办？	深市A股的增发代码是什么？	0
1145	哪些深交所的上市债券实行全价交易？	证券转银行为什么转不了？	0
1146	信用账户开立后几日生效？	信用账户开立后何时生效？	1
1147	我想开通创业板怎么开？	创业板如何开通	1
1148	我帐号密码忘了	手机账户密码忘记了怎么办	1
1149	你好我的登录密码忘了	手机账户密码忘记了怎么办	1
1150	对于竞价交易临时停牌，深圳交易所有什么规定？	为何账户有资金无法转出？	0
1151	身份证号码变了，如何修改啊？	为何账户有资金无法转出？	0
1152	我银行卡变更	股票可以当天买入当天卖出吗？	0
1153	我那个信用账户持有的股票该咋样行使投票权呢	信用账户持有的股票如何行使投票权？	1
1154	资金转入失败咋弄	为何账户有资金无法转出？	1
1155	我想用信用账户操作要约收购，行吗	为何账户有资金无法转出？	0
1156	新三板股票有哪些编码规则？	新三板股票的编码规则？	1
1157	股票交易	创业板如何开通	0
1158	怎样区分A股股票配股与增发的缴款时间？	A股股票配股与增发的缴款时间有何区别？	1
1159	如何更换银行卡	自助开户后如何补办三方存管？	0
1160	我可以开通创业板	创业板如何开通	1
1161	你好，申购今天的新股，会冻结资金吗	为何账户有资金无法转出？	0
1162	我的客户帐号忘了，怎么办？	当日卖出股票后可以转出资金吗？	0
1163	为什么我昨天买的股票为什么今天卖不去	如何调整佣金费率？	0
1164	忘记交易密码是什么怎么办	创业板如何开通	0
1165	为什么每次申购新股都说不满足条件	新股申购的条件？	1
1166	忘记我帐号	手机账号忘记了怎么办	1
1167	你好，我的帐号证券转银行为什么转不了	转账失败的原因？	0
1168	信用账户使用有哪方面的限制？	信用账户的使用限制	1
1169	我的客户编号忘了.怎么找回?	客户编号忘记了如何找回？	1
1170	如何更换同一银行的三方存管银行卡？	如何收取股票交易佣金？	0
1171	请问我的证券号怎么查询	深圳市场的新股配号为何有小数点？	0
1172	我在外地交易密码忘记了	忘记交易密码怎么办？	1
1173	转签创业板权限	客户编号忘记了如何找回？	0
1174	客户编号忘记了怎么找回	客户编号忘记了如何找回？	1
1175	请问深港通股票为A+H股的，A股停牌与H股停牌是否是一致的？	深港通股票为A+H股的，A股停牌与H股停牌是否同步？	1
1176	如何修改账户交易密码？	如何修改账户交易密码？	1
1177	今天存钱今天可以买股票吗？	股票可以当天买入当天卖出吗？	1
1178	新股上市首日临时停牌期间上交所还能申报委托吗？	上交所新股上市首日临时停牌期间接受委托吗？	1
1179	你好开通创业板要怎么办？	深交所转股申报数量如何填写？	0
1180	如何便捷地修改成本价	如何修改成本价数值？	1
1181	忘记账户了	手机账号忘记了怎么办	1
1182	你好请问我手续费多少	多少资金能达到多少的佣金？	1
1183	银行转债券失败	证券转银行为什么转不了？	1
1184	登入密码忘了	忘记资金密码怎么办？	0
1185	B股交易手续费？	B股交易的费用？	1
1186	请问开通创业板	创业板如何开通	1
1187	能开创业板嘛	创业板如何开通	1
1188	忘了账号了	手机账号忘记了怎么办	1
1189	我想自助调整融资融券授信额度具体要怎么操作？	如何查询佣金费率？	0
1190	为什么申购不了新股	新股申购的条件？	1
1191	我要取消网上委托权限	深交所B股证券代码的编制原则是什么？	0
1192	你好，请问我要什么资格才能申购新股？	创业板如何开通	0
1193	股票交易的密码忘记了，有什么办法可以找回？	忘记交易密码怎么办？	1
1194	市价委托可以在信用账户交易卖出是使用吗？	信用账户交易允许市价委托吗？	1
1195	资金转不出来？	A股股票配股与增发的缴款时间有何区别？	0
1196	如果是多个账号的话，新股申购的市值是计算全部总和吗？	如何查询佣金费率？	0
1197	交割单查佣金	如何查询佣金费率？	1
1198	怎样变更第三方存管银行卡	如何更换同一银行的三方存管银行卡？	1
1199	怎么查费率	上交所新股上市首日有效申报价格的范围？	0
1200	怎么更换银行卡	如何更换银行卡？	1
1201	我怎么不能登陆账户呢	如何重置信用账户密码？	0
1202	为什么银转证转不了	证券转银行为什么转不了？	1
1203	为什么不能登录客户号	如何开户？	1
1204	你好我的资金怎么转不进来	为何账户有资金无法转出？	1
1205	我的账户怎么登录不上了呢	手机账号忘记了怎么办	0
1206	转账失败的原因	身份证过期可以办理开户吗？	0
1207	你们的佣金多少	多少资金能达到多少的佣金？	1
1208	现在开户收费多少	创业板如何开通	0
1209	信用账户交易卖出可以使用市价委托吗？	多少资金能达到多少的佣金？	0
1210	能直接开户吗	如何注销与理财账户相关联的银行卡？	0
1211	帐号为啥不能登入	如何开户？	1
1212	我可以开通创业板吗？	创业板如何开通	1
1213	存折不可以开户吗	如何开户？	1
1214	你好，忘记登录密码怎么办呢？	信用账户如何操作配债？	0
1215	哪些是深交所债券的费用？	深交所债券的费用有哪些？	1
1216	新三板上市的股票支持转主板交易吗？	新三板上市的股票可以转到主板交易吗？	1
1217	为什么资金可用不可取？	为什么资金可用不可取？	1
1218	为什么我钱转不出,去	如何开户？	0
1219	申购新股条件	新股申购的条件？	1
1220	我的账户忘记了，麻烦告诉一下	手机账号忘记了怎么办	1
1221	客户编号忘记了如何找回？	如何开户？	0
1222	新三板股票转让的计价单位是什么	创业板如何开通	0
1223	开户套餐都是什么意思啊	如何开户？	1
1224	我不想要网上委托权限了，怎么办理	证券转银行为什么转不了？	0
1225	创业板开户	手机账户密码忘记了怎么办	0
1226	请问我的手续费是多少	信用账户开立后何时生效？	0
1227	信用账户里面的市值算在申购市值里吗？	新股申购的市值计算范围？	1
1228	为什么资金从证券转银行老是失败	证券转银行为什么转不了？	1
1229	为什么深市新股配号有小数点后两位的	深市港股通开通条件	0
1230	为什么我不能买ST的股票，提示我没有签订书面风险书，我怎么样才能买	证券转银行为什么转不了？	0
1231	我不想要网上委托权限了，怎么办理	网上委托权限如何取消？	1
1232	怎么才能有创业板交易权限	创业板权限首次开通？	1
1233	怎么开通中小板和创业板账户	股票的交易时间？	0
1234	忘了账户	为何账户有资金无法转出？	0
1235	三板交易权限取消方式是什么？	当日卖出股票后可以转出资金吗？	0
1236	你好请问我的账号怎么不能登陆	如何开户？	1
1237	请问新股中签交款后多少天上市交易	证券转银行为什么转不了？	0
1238	新开户的佣金多少？	自助开户后如何补办三方存管？	0
1239	说要开通创业板	创业板如何开通	1
1240	请问怎么更改登录和交易密码	如何修改账户交易密码？	1
1241	我在石家庄，怎样注销第三方存管	如何注销三方存管账户？	1
1242	为什么我不能买ST的股票，提示我没有签订书面风险书，我怎么样才能买	ST股票为何无法买入？	1
1243	信用账户的现金资金不能进行新股中签款缴款的原因是什么？	股票可以当天买入当天卖出吗？	0
1244	为啥转不出钱	手机账户密码忘记了怎么办	0
1245	昨天卖的股今天提不出款来吗？	当日卖出股票后可以转出资金吗？	1
1246	ETF基金能用信用账户的股票申购吗？	信用账户的股票可以申购ETF基金吗？	1
1247	今天买的股票明天可以卖出去吗	股票可以当天买入当天卖出吗？	1
1248	我的佣金手续费是多少？	网上开户佣金是多少？	0
1249	什么时候能银行证券之间转账	股票交易费用	0
1250	我忘记账户账号怎么办	手机账号忘记了怎么办	1
1251	新股不符合申购条件？	新股申购的条件？	1
1252	新股申购中签后有资金的情况下直接冻结吗	信用证券账户可以注销后重新开户吗？	0
1253	我经过有帐号，为什么还要开户	如何开户？	1
1254	今天卖的股票，	忘记资金密码怎么办？	0
1255	我要从银行转账到证券帐户上为什么转不了？	如何开户？	0
1256	我要开创业板	创业板如何开通	1
1257	有什么办法开立信用账户在60岁以上？	股票交易费用	0
1258	为何不能登录账户？	多少资金能达到多少的佣金？	0
1259	怎么登陆证券帐号	如何查询证券账号？	1
1260	我忘记客户编码了	上证基金通如何修改分红方式	0
1261	你好，请问我要什么资格才能申购新股？	为何账户有资金无法转出？	0
1262	你好 我银证转账从银行转证券怎么转不成功	手机账户密码忘记了怎么办	0
1263	我忘了证券账号可以查吗	如何查询证券账号？	1
1264	请问今天卖掉股票的钱今天不能转账回银行吗？	当日卖出股票后可以转出资金吗？	1
1265	为何证转银不成功？	证券转银行为什么转不了？	1
1266	网下申购新股的条件、流程？	网下打新的备案条件？	1
1267	ST股票为什么买不了呢	证券转银行为什么转不了？	0
1268	深港通可以转托管港股吗？	深市港股通的投资者可以办理港股的转托管吗？	1
1269	我已开通创业板，	创业板如何开通	1
1270	我刚才数字认证过了，问新开上海A股账户现在能开吗，怎么开？	如何开户？	1
1271	我之前开户了的	如何更换银行卡？	0
1272	现在还能交易吗	股票的交易时间？	1
1273	转让中小企业私募债券的方式是什么？	证券转银行为什么转不了？	0
1274	我想开通创业板	深圳市场大宗交易的条件？	0
1275	交易密码忘记了该怎么办？	为何账户有资金无法转出？	0
1276	怎样找回资金密码	为何账户有资金无法转出？	0
1277	怎样查我的股票帐号有没有连银行卡？	如何查询证券账号？	1
1278	现在开户交易佣金是多少	手机账户密码忘记了怎么办	0
1279	我之前开的户还能用吗	如何更换同一银行的三方存管银行卡？	0
1280	炒股账户的密码忘了	上海ST、*ST股的交易规则？	0
1281	你好，我想问下上交所股票期权行权价格的间距是怎么规定的	上交所股票期权行权价格间距如何设置？	1
1282	为啥转不进去钱？	ST股票为何无法买入？	0
1283	你好 怎么资金转不出来	为何账户有资金无法转出？	1
1284	你好，我想咨询一下，开通创业板权限需要什么要求	深交所债券质押式回购竞价交易的有效竞价范围？	0
1285	你好，资金为什么转不出去	如何开户？	0
1286	为什么我开不了深圳的A股	ST股票为何无法买入？	0
1287	为什么不能证券转银行这操作失败？	股票的交易时间？	0
1288	为什么银转证转不了	创业板如何开通	0
1289	为什么申购不了新股	如何开户？	0
1290	我的客户号忘记了	手机账号忘记了怎么办	1
1291	今天买入什么股	新股申购的条件？	0
1292	当日卖出的股票资金会在当天3点收市能转出吗？	当日卖出股票后可以转出资金吗？	1
1293	交易手续费	股票交易费用	1
1294	股票买入后多久可以卖出啊	如何开户？	0
1295	请问注销普通的证券账户需要什么资料带去证券公司？	如何注销证券账户？	1
1296	开户干嘛的	如何开户？	1
1297	提现咋提不出去	如何更换同一银行的三方存管银行卡？	0
1298	忘记登录密码了怎么办	银证转账的时间？	0
1299	我没有办外币银证转账业务，要怎样才可以取款？	未办理外币银证转账业务的客户如何取款？	1
1300	忘记了客户号码	证券转银行为什么转不了？	0
1301	你好！如何开通创业板？	创业板如何开通	1
1302	请问创业板如何开通	创业板如何开通	1
1303	我在别的券商已经开通过创业板了，怎么自助转签创业板权限呢？	创业板权限转签如何操作？	1
1304	你好，佣金多少	多少资金能达到多少的佣金？	1
1305	为什么钱转不出去	为何账户有资金无法转出？	1
1306	我想问一下新股上市前一交易日晚上可以提前下单吗？	新股上市前一交易日晚上能否提前下单？	1
1307	同一个股票能当天买入当天卖出吗	股票可以当天买入当天卖出吗？	1
1308	转出到银行的资金冻结	证券转银行为什么转不了？	1
1309	我要怎么开通创业板？	创业板如何开通	1
1310	新三板市场的信息是怎样披露的?	新三板市场是如何披露信息？	1
1311	为什么不能转到农业银行	新股上市首日委托买入为何作废？	0
1312	我要取消网上委托权限	网上委托权限如何取消？	1
1313	我上周三开通的创业板	创业板如何开通	1
1314	新三版股票转让有哪些计价单位？	为何账户有资金无法转出？	0
1315	我新开户的帐号为什么不能申购新股？	申请期权交易权限需具备哪些模拟交易经历？	0
1316	你好，想咨询一下申购新股需要什么条件	为何账户有资金无法转出？	0
1317	调整佣金	如何调整佣金费率？	1
1318	B股最后交易日	创业板如何开通	0
1319	为什么我昨天买的股票今天卖不	股票可以当天买入当天卖出吗？	1
1320	请问你们能开户吗	信用账户如何申购新股？	0
1321	证券转银行卡为什么转不了	为何账户有资金无法转出？	0
1322	亲，怎样改交易密码和通讯密码	创业板如何开通	0
1323	创业板权限首次开通？	创业板权限首次开通？	1
1324	A股股票配股与增发的缴款时间有什么不一样？	A股股票配股与增发的缴款时间有何区别？	1
1325	佣金与手续费的区别？	证券转银行为什么转不了？	0
1326	B股交易也是T+1？	新股申购额度超限的原因？	0
1327	身份证到期了，对账户交易有影响吗？	身份证到期影响账户交易吗？	1
1328	我想问下股票交易手续费怎么收	创业板权限转签如何操作？	0
1329	股票卖了资金怎么转出不来	当日卖出股票后可以转出资金吗？	1
1330	申购新股的资格	多少资金能达到多少的佣金？	0
1331	请问我的手续费是多少	多少资金能达到多少的佣金？	1
1332	我忘记登录密码了	创业板如何开通	0
1333	自助开户三方存管	新股申购何时可以挂单?	0
1334	创业板怎么开	如何开户？	0
1335	开户套餐是什么意思	手机账户密码忘记了怎么办	0
1336	为什么银行转证券转不了？	忘记交易密码怎么办？	0
1337	B股股票怎么作为融资融券的担保品？	B股股票能作为融资融券的担保品吗？	1
1338	ETF基金能用信用账户的股票申购吗？	当日卖出股票后可以转出资金吗？	0
1339	银行转不了账	手机账户密码忘记了怎么办	0
1340	忘记用户帐号了	如何开户？	0
1341	买不了股票是什么原因啊	如何才可以买股票？	1
1342	是今天刚卖出的，想把钱转到银行帐户，为什么转不出？	当日卖出股票后可以转出资金吗？	1
1343	登陆编号是什么	创业板如何开通	0
1344	你好！为什么将款转到银行卡转不出去	为何账户有资金无法转出？	0
1345	申购新股时怎么总是显示不符合新股申购条件呢	新股申购的条件？	1
1346	登录密码忘了怎么办	手机账户密码忘记了怎么办	1
1347	证券交易手续费	股票交易费用	1
1348	怎样找回客户编号？	如何修改成本价数值？	0
1349	忘了资金密码	忘记资金密码怎么办？	1
1350	新三板市场是怎么披露信息的？	身份证过期如何办理？	0
1351	如何开通证卷账户	客户编号忘记了如何找回？	0
1352	新股申购是否需要预先冻结资金	客户编号忘记了如何找回？	0
1353	请问我的这个账户创业板开通了吗	如何调整佣金费率？	0
1354	我的账户有没有开通创业板？	为何账户有资金无法转出？	0
1355	身份证过期就不能开户吗？	如何开户？	0
1356	深交所哪些上市债券实行净价交易？	股票可以当天买入当天卖出吗？	0
1357	我原来有开户	如何开户？	1
1358	如何查佣金	如何查询佣金费率？	1
1359	我的登录账号忘记了如何寻回	股票的交易时间？	0
1360	如何开通创业板	深市港股通开通条件	0
1361	今天把股票卖了钱为什么不能取出来?	当日卖出股票后可以转出资金吗？	1
1362	怎么开通创业板	创业板如何开通	1
1363	参与深圳大宗交易有门槛限制吗	信用账户的现金资产为何不能进行新股中签款缴款？	0
1364	貌似我现在无法银证转账呢？	新三板股票的即时行情包含哪些要素？	0
1365	这个股怎么交易呀	如何交易股票？	1
1366	你好，忘记登录密码怎么办呢？	手机账户密码忘记了怎么办	1
1367	银转证不成功	证券转银行为什么转不了？	1
1368	能开通创业板吗	手机账号忘记了怎么办	0
1369	为什么不能转入银行	证券转银行为什么转不了？	1
1370	信用账户交易卖出可以使用市价委托吗？	信用账户交易允许市价委托吗？	1
1371	为何账户有资金无法转出？	新股中签如何缴款？	0
1372	登录密码忘了怎么办	忘记交易密码怎么办？	0
1373	忘记登录客户编号怎么办	客户编号忘记了如何找回？	1
1374	忘记资金密码怎么办？	创业板如何开通	0
1375	A股开户需要收费吗	A股开户是否收费？	1
1376	忘记账户了	上交所股东大会网络投票平台网址？	0
1377	请问怎么更改银行卡	如何更换银行卡？	1
1378	查询佣金	如何查询佣金费率？	1
1379	交易佣金多少	多少资金能达到多少的佣金？	1
1380	在这签了风险还不能买ST的为什么	ST股票为何无法买入？	1
1381	如何找回客户编号	如何更换银行卡？	0
1382	转签创业板权限	创业板权限转签如何操作？	1
1383	如果竞价交易临时停牌，深交所怎么处理？	忘记交易密码怎么办？	0
1384	我的账户为什么转不出钱？	为何账户有资金无法转出？	1
1385	新三板做市转让的申报有哪些条件？	忘记交易密码怎么办？	0
1386	怎样修改交易密码	如何修改交易密码	1
1387	为什么不能修改交易密码	如何修改交易密码	1
1388	怎么说让我开通创业	证券转银行为什么转不了？	0
1389	请问怎样开户	当日卖出股票后可以转出资金吗？	0
1390	忘了交易密码	忘记资金密码怎么办？	0
1391	请问我的证券转银行成功了吗	转账失败的原因？	0
1392	什么样的股票可以计算市值？	创业板如何开通	0
1393	佣金费率是多少	多少资金能达到多少的佣金？	1
1394	银转证为什么转不了	证券转银行为什么转不了？	1
1395	交易登入密码忘记怎么找回	忘记交易密码怎么办？	1
1396	你好，为什么我的账户不能转款出来	信用账户交易允许市价委托吗？	0
1397	身份证号码变了，如何修改啊？	身份证号码变更后如何修改？	1
1398	为何账户有资金无法转出？	为何账户有资金无法转出？	1
1399	什么费用是新三板股票转让交易的？	新三板股票转让交易有哪些费用？	1
1400	是今天刚卖出的，想把钱转到银行帐户，为什么转不出？	新股IPO网上发行制度有哪些修改？	0
1401	为什么银行转不了证券帐户	证券转银行为什么转不了？	1
1402	现在怎么不能交易了？	银证转账的时间？	0
1403	交易密码错	证券转银行为什么转不了？	0
1404	为什么银行卡的钱转不进来	证券转银行为什么转不了？	1
1405	我想把钱转到银行，怎么转不出	转账失败的原因？	0
1406	为什么我刚才的股票不能卖	网上开户佣金是多少？	0
1407	为什么钱不能转到银行卡	创业板如何开通	0
1408	身份证过期了，还可以进行账户交易吗？	身份证到期影响账户交易吗？	1
1409	昨天买的股票，今天为什么不能卖？	股票可以当天买入当天卖出吗？	1
1410	我要转点钱急用，怎么转不出？	为何账户有资金无法转出？	1
1411	现在银转证怎么转不了？	证券转银行为什么转不了？	1
1412	我的手机换了，之前的电子签名还能用吗？	若手机丢失，需要重新申请电子签名吗？	1
1413	交易佣金如何调整？	如何调整佣金费率？	1
1414	忘了交易密码	忘记交易密码怎么办？	1
1415	你好，我想证券转银行，为什么转不了？	证券转银行为什么转不了？	1
1416	明天卖股票后能当天销户吗	A股账户销户有哪些注意事项？	1
1417	信用账户的资金为什么不能转出呢	深市中小企业板块A股证券代码是多少？	0
1418	登录账户忘记了	手机账号忘记了怎么办	1
1419	股票手续费	如何收取股票交易佣金？	1
1420	请问之前我开个的	如何开户？	1
1421	第三方存管 更改银行卡	如何更换同一银行的三方存管银行卡？	1
1422	网下申购新股的条件、流程？	新股申购有何注意事项？	0
1423	申购新股的条件	如何查询佣金费率？	0
1424	忘了帐号怎么办	ST股票为何无法买入？	0
1425	怎样开通创业板？	创业板如何开通	1
1426	您好！为什么证券转银行的资金转不出来？	网上申购的数量有何限制？	0
1427	开创业板	如何开户？	0
1428	当日卖完股票，能当日转出资金吗？	当日卖出股票后可以转出资金吗？	1
1429	忘记客户编号了	新股申购的条件？	0
1430	自助开户后如何补办三方存管？	如何查询佣金费率？	0
1431	请问我们资金从银行转证券转不了	如何更换银行卡？	0
1432	可以开通多个港股通账户吗？	同一客户可以开通多个港股通交易权限吗？	1
1433	你好开通创业板要怎么办？	创业板如何开通	1
1434	怎么开创业板	创业板如何开通	1
1435	个股分时图的成交量柱状线的颜色用金融终端怎么修改？	如何开户？	0
1436	为什么登录不上账号	如何收取股票交易佣金？	0
1437	我经过有帐号，为什么还要开户	如何查询佣金费率？	0
1438	我能在金融终端查到我的银行余额信息的，但转账为何不成功	转账失败的原因？	1
1439	你好我想取消三方存管,请问怎么操作	如何注销三方存管账户？	1
1440	股份报价转让的申报类型是什么？	新股申购的条件？	0
1441	我的身证号码已经变更了，在网上没办法修改	身份证号码变更后如何修改？	1
1442	申购深证新股需要哪些条件	新股申购的条件？	1
1443	您好，忘记了登录密码	如何开户？	0
1444	我忘了交易密码了？怎么办呢？	忘记交易密码怎么办？	1
1445	忘记了交易密码	忘记交易密码怎么办？	1
1446	客户编号忘了	客户编号忘记了如何找回？	1
1447	我的帳號忘了	手机账号忘记了怎么办	1
1448	请问新股中签交款后多少天上市交易	新股中签后股份何时上市？	1
1449	我想查下我的信用账户的新股额度，能帮帮我吗	信用账户如何查询新股申购额度？	1
1450	忘记资金账号怎么办	如何更换同一银行的三方存管银行卡？	0
1451	在这签了风险还不能买ST的为什么	证券转银行为什么转不了？	0
1452	网下打新缴款账号和三方存管银行账号是相同的吗？	多少资金能达到多少的佣金？	0
1453	新三板市场是怎么披露信息的？	新三板市场是如何披露信息？	1
1454	今天买的股票有分红吗	股票可以当天买入当天卖出吗？	1
1455	银证转账时间？	*st股票在什么情况下退市？	0
1456	支付密码忘了怎么办	忘记交易密码怎么办？	1
1457	你好，我的账号忘了怎么办？	信用证券账户可以注销后重新开户吗？	0
1458	忘记了登录密码怎么办？	手机账户密码忘记了怎么办	1
1459	忘记登录密码怎么办？	新三板上市的股票可以转到主板交易吗？	0
1460	貌似我现在无法银证转账呢？	银证转账的时间？	1
1461	编号忘了怎么办	新三板做市转让的申报规则？	0
1462	请问一下我的证券资金为什么不能转到银行	客户编号忘记了如何找回？	0
1463	有什么办法可以取消第三方存管？	如何注销三方存管账户？	1
1464	交易密码忘记	多少资金能达到多少的佣金？	0
1465	哪些条件满足才可申购新股	新股申购的条件？	1
1466	我刚卖了股票为什么钱不能从证券转银行	当日卖出股票后可以转出资金吗？	1
1467	交易手续费？	创业板权限首次开通？	0
1468	我今天买的股票，什么时候可以卖？	股票可以当天买入当天卖出吗？	1
1469	A股开户需要收费吗	B股的最小交易单位？	0
1470	想问问我的手续费是多少	如何开户？	0
1471	能帮我开一下创业板吗？	创业板如何开通	1
1472	上市公司进行重大资产重组，停牌时间最长期限是多少天？	上市公司进行重大资产重组，停牌时间最长期限是多久？	1
1473	为何证转银不成功？	创业板如何开通	0
1474	就是证券转银行转不出来为什么	新股申购有数量要求吗？	0
1475	费率多少	多少资金能达到多少的佣金？	1
1476	深港通股票为A+H股的，A股停牌与H股停牌确定一样吗？	手机账户密码忘记了怎么办	0
1477	你好，刚卖掉的钱不能立刻转出来银行卡？	新股申购的条件？	0
1478	钱转不进来	为何账户有资金无法转出？	1
1479	忘记了登录密码怎么	手机账户密码忘记了怎么办	1
1480	为什么我的资金转不了银行	证券转银行为什么转不了？	1
1481	后天交易时间就可以注销账户是吧	忘记资金密码怎么办？	0
1482	创业板开户	创业板如何开通	1
1483	银行卡转不了证券	证券转银行为什么转不了？	1
1484	买卖深市港股通的股票的操作方法	深港通股票交易如何操作？	1
1485	深交所转股申报数量的填写要求是什么？	如何查询佣金费率？	0
1486	怎么开通创业	创业板如何开通	1
1487	股票交易费用	股票交易费用	1
1488	今天卖了股票的钱今天能取到银行卡不？	为何账户有资金无法转出？	0
1489	信用账户的现金资金不能进行新股中签款缴款的原因是什么？	信用账户的现金资产为何不能进行新股中签款缴款？	1
1490	有什么办法可以取消第三方存管？	股票可以当天买入当天卖出吗？	0
1491	请问能帮我查一下我的股票账号吗	为何账户有资金无法转出？	0
1492	上证基金通基金（代码为519***）场内分红方式如何设置	网上委托权限如何开通？	0
1493	深市港股通和泸市港股通的额度分开用行吗？	深港通跟沪港通的额度能共用吗？	1
1494	怎么提现被冻结	证券转银行为什么转不了？	1
1495	新股审购显示未成交能撤单吗？	客户编号忘记了如何找回？	0
1496	新三板股票转让的计价单位是什么	新三板股价变动单位？	1
1497	信用账户在网上能开通吗？	信用账户可以网上开通吗？	1
1498	可以开户吗	如何开户？	1
1499	持有什么证据投诉上市公司是合法的？	A股账户销户有哪些注意事项？	0
1500	交易佣金多少	A股停牌原因有哪些？	0
1501	我忘记了交易帐号	忘记交易密码怎么办？	1
1502	信用账户卖出证券得到现金怎么可以自动还负债？	信用账户卖出证券得到现金想自动偿还负债，怎么办？	1
1503	我的资金怎么从证劵转银行，转不出来？	证券转银行为什么转不了？	1
1504	您好，新股中签会发短信通知吗？	新股中签会有短信通知吗？	1
1505	交易登录编号是什么	如何调整佣金费率？	0
1506	查询佣金	如何开户？	0
1507	客户编号忘了如何找回	客户编号忘记了如何找回？	1
1508	如果中签的新股，一般多长时间能上市啊？	新股中签后股份何时上市？	1
1509	我把账户忘记怎么办	如何交易股票？	0
1510	在手机版交易系统中怎么修改中签手机号码	当日卖出股票后可以转出资金吗？	0
1511	我想把钱转到银行，怎么转不出	证券转银行为什么转不了？	1