1	B股 证券 代码 深交所 是 如何 编制 	深交所 B股 证券 代码 编制 原则 是 什么 	1
2	可以 直接 买 A股 	如何 可以 买 股票 	1
3	新 三板 企业 限售期 是 什么 时候 	忘记 交易 密码 怎么办 	0
4	深圳证券交易所 证券 代码 是 如何 编制 	新股申购 条件 	0
5	A股 交易 时间 	当日 卖出 股票 可以 转 出 资金 	0
6	你好 请问 申购 新股 条件 是 什么 	新股申购 条件 	1
7	怎样 开通 沪 深 	如何 更换 接收 新股 中签 提醒 短信 手机号码 	0
8	股票 钱 转 不 出来 	为什么 账号 有 资金 无法 转 出 	1
9	忘记 交易 密码 怎么办 	股票 交易 时间 	0
10	怎么 开通 创业板 	如何 开户 	0
11	农行 转 证券 为什么 转 不了 	忘记 资金 密码 怎么办 	0
12	ST 股票 可以 用 信用度 账号 买 	信用度 账号 可以 购买 ST 股票 	1
13	申购 创业板 新股 需要 什么 条件 	银证 转账 时间 	0
14	手续费 是 多少 	为什么 账号 有 资金 无法 转 出 	0
15	开 创业 	为什么 账号 有 资金 无法 转 出 	0
16	哪开 创业板 	新股申购 条件 	0
17	如何 区分 港股 通 A股 退市 制度 	为什么 资金 可用 不 可取 	0
18	今天 卖出 股票 钱要 多久 可以 转 进 银行 	当日 卖出 股票 可以 转 出 资金 	1
19	证券 转 银行 怎么 会 冻结资金 	信用度 账号 三方 存管 银行 有 哪些 	0
20	你好 取消 三方 存管 , 请问 怎么 操作 	忘记 交易 密码 怎么办 	0
21	登录 账号 忘记 	股票交易 费用 	0
22	为什么 现在 银转证 转 不 进去 	证券 转 银行 为什么 转 不了 	1
23	您好 请问 交易 密码 忘记 怎么办 	为什么 账号 有 资金 无法 转 出 	0
24	每天 股票 交易 时间 	股票 交易 时间 	1
25	你好 登录 密码 忘 	创业板 如何 开通 	0
26	钱 怎么 转 不了 银行 呢 	多少 资金 能 达到 多少 交易 佣金 	0
27	请问 下 第三方 存管 银行 可以 变更 	上交所 债券 费用 有 哪些 	0
28	登录 密码 忘 	股票 交易 时间 	0
29	亲 帐号 忘记 怎么 查 	客户 编号 忘记 如何 找回 	1
30	转 不了 钱进 帐户 	创业板 如何 开通 	0
31	B股 交易 手续费 	身份证 过期 如何 办理 	0
32	股票交易 佣金 是 什么 	如何 收取 股票交易 交易 佣金 	1
33	你好 能查 到 交易 佣金 费率 多少 	A股 港股 通 退市 制度 区别 	0
34	账号 为什么 不能 登录 	为什么 账号 有 资金 无法 转 出 	0
35	申购 新股 有 什么 条件 	新股申购 条件 	1
36	怎么 才能 卖出 股票 	网下 打 新 申报 价格 有 什么 规定 	0
37	信用度 账号 使用 有 哪 方面 限制 	证券 转 银行 为什么 转 不了 	0
38	不记得 资金 密码 	忘记 资金 密码 怎么办 	1
39	深交所 债券 费用 类型 	信用度 账号 可以 网上 开通 	0
40	今天 买入 哪 只 股票 	股票 可以 当天 买入 当天 卖出 	1
41	客户 编码 忘记 	客户 编号 忘记 如何 找回 	1
42	股票 卖出 什么 时候 可以 转 出 资金 	深港 通 标的 股票 范围 	0
43	请问 A股 开户 免费 	A股 开户 是否 收费 	1
44	银行卡 变更 	如何 更换 银行卡 	1
45	新股申购 说 不 符合条件 	新股申购 条件 	1
46	上交所 股票 期权 行权 价格 间距 是 按照 什么 标准 设置 	信用度 账号 可以 网上 开通 	0
47	能 重新 开个 账号 	如何 查询 证券 账号 	0
48	已经 开有户 哪 登录 	创业板 如何 开通 	0
49	请问 如何 开通 创业板 	股票 交易 时间 	0
50	你好 电脑 被盗 那个 账号 忘记 能 帮 我查 一下 	创业板 如何 开通 	0
51	你好 请问 一下 银证 不能 转账 到 银行 	证券 转 银行 为什么 转 不了 	1
52	交易 佣金 与 手续费 区别 	交易 佣金 与 手续费 区别 	1
53	交易 收费 	股票交易 费用 	1
54	深市 新股 上市 首日 临时 停牌 是 怎么 规定 	创业板 权限 转签 如何 操作 	0
55	交易 佣金 手续费 区别 	交易 佣金 与 手续费 区别 	1
56	股票交易 收费 	股票交易 费用 	1
57	买 不了 ST 股是 	ST 股票 为什么 无法 买入 	1
58	为什么 不能 登录 账号 	如何 开户 	1
59	怎么 开户 	如何 开户 	1
60	身份证 过期 如何 上传 新 证件 	创业板 如何 开通 	0
61	B股 有 涨跌 限制 	证券 转 银行 为什么 转 不了 	0
62	交易 手续费 	股票交易 费用 	1
63	已经 开户 	ST 股票 为什么 无法 买入 	0
64	最近 申购 新股 但是 持仓 股票 停牌 能 算入 新股申购 市场 市场 价值 	如何 开户 	0
65	个股 分时图 成交量 柱状 线 颜色 用 金融 终端 怎么 更换 	如何 更换 金融 终端 个股 分时图 下方 成交量 柱状 线 颜色 	1
66	变更 银行卡 必须 去 银行 	信用度 证券 账号 卡 遗失 应 如何 处理 	0
67	了解 一下 新 三板 指数 都 有 什么 	网 下 发行 新股 有何 要求 	0
68	A股 港股 显示 颜色 有 什么 不 一样 	A股 港股 显示 颜色 有 什么 区别 	1
69	股票 怎么 收 手续费 	手机 账号密码 忘记 怎么办 	0
70	开通 创业板 权限 目前 需要 办理 哪些 手续 	创业板 权限 开通 办理 时间 	1
71	新股申购 委托 数量 高于 最大 限额 呢 	新股申购 额度 超限 原因 	1
72	B股 交易 是 T + 1 	B股 实行 T + 0 回转 交易 	1
73	创业板 不是 已经 开通 	创业板 如何 开通 	1
74	用 什么 方法 处理 申报 深市 股票 委托 时 提示 证券 账号 无效 	申报 深市 股票 委托 时 提示 证券 账号 无效 如何 处理 	1
75	银证 转账 银行 设 时间 上班 	银证 转账 时间 	1
76	开户 交易 交易 佣金 多少 	网上 开户 交易 佣金 是 多少 	1
77	申购 新股 要求 	证券 转 银行 为什么 转 不了 	0
78	现在 账号 有 股票 能 销户 	新 三板 股票 编码 规则 	0
79	证券 什么 不能 转款 银行 	证券 转 银行 为什么 转 不了 	1
80	创业 版 怎么 开 	忘记 资金 密码 怎么办 	0
81	投资者 如何 买卖 港股 通 股票 	创业板 如何 开通 	0
82	转账 到 银行卡 怎么 转 不了 	上交所 对 竞价 交易 临时 停牌 有何 规定 	0
83	转 不了 钱进 帐户 	为什么 账号 有 资金 无法 转 出 	1
84	资金 为什么 转 不 出来 	为什么 账号 有 资金 无法 转 出 	1
85	找回 客户 编 编号 	ST 股票 为什么 无法 买入 	0
86	成交量 颜色 怎么 设置 	外币 证券 转 银行 限额 	0
87	资金 可用 可取 是 什么 意思 	为什么 资金 可用 不 可取 	1
88	哪里 可以 找到 上交所 股东大会 网络 投票 平台 	上交所 股东大会 网络 投票 平台 网址 	1
89	如何 区分 A股 港股 显示 颜色 	A股 港股 显示 颜色 有 什么 区别 	1
90	创业板 首次 如何 开通 	证券 转 银行 为什么 转 不了 	0
91	身份证 过期 必须 去 营业部 更新 	身份证 过期 如何 办理 	1
92	9 点半 之前 随时 都 可 挂单 买 新股 是 	多少 资金 能 达到 多少 交易 佣金 	0
93	为什么 资金 不 可取 	为什么 资金 可用 不 可取 	1
94	资金 提 不 出来 	信用度 账号 使用 限制 	0
95	账号 是 网上 开通 应该 怎么 开通 创业板 权限 	开通 创业板 权限 对 账号 有 什么 要求 	1
96	怎么 转钱 失败 	手机 账号 忘记 怎么办 	0
97	问下 银行卡 换 怎么 转 不 出来 	如何 开户 	0
98	怎么 开 创业 	忘记 交易 密码 怎么办 	0
99	新股 当日 能不能 多次 申购 	当日 卖出 股票 可以 转 出 资金 	0
100	新股 中 签后 没 足额 缴款 	银证 转账 时间 	0
101	找回 客户 编号 	客户 编号 忘记 如何 找回 	1
102	信用度 证卷 账号 注销 后能 重新 开户 	信用度 证券 账号 可以 注销 重新 开户 	1
103	钱 为什么 不能 转 到 银行 	为什么 账号 有 资金 无法 转 出 	0
104	请问 银行 无法 转 证券 	身份证 过期 可以 办理 开户 	0
105	怎么 知道 手续费 	手机 账号密码 忘记 怎么办 	0
106	新股 审购 显示 没 成交 能 撤单 	新股申购 可以 撤单 	1
107	用 微信 能 开户 	如何 开户 	1
108	新 开户 交易 佣金 多少 	网上 开户 交易 佣金 是 多少 	1
109	如何 设置 银行 	如何 调整 交易 佣金 费率 	0
110	我要 调整 交易 佣金 	如何 调整 交易 佣金 费率 	1
111	别的 券商 已经 开 通过 创业板 怎么 自助 转签 创业板 权限 呢 	深港 通 跟 沪 港通 额度 能 共用 	0
112	忘记 客户 编号 	新股申购 配号 规则 	0
113	中 新股 怎么 缴款 呢 	客户 编号 忘记 如何 找回 	0
114	B股 有 涨跌 限制 	B股 涨跌幅 有 限制 	1
115	怎么 开通 中小板 创业板 账号 	创业板 如何 开通 	1
116	交易 密码 有 英文 	证券 转 银行 为什么 转 不了 	0
117	钱 转不出 	为什么 账号 有 资金 无法 转 出 	1
118	咨询 一下 打 新 需要 满足 什么 条件 呢 	证券 转 银行 为什么 转 不了 	0
119	昨天 开户 忘记 帐号 	如何 收取 股票交易 交易 佣金 	0
120	登录 密码 忘 	创业板 如何 开通 	0
121	你好 这边 交易 佣金 多少 	如何 查询 交易 佣金 费率 	0
122	银行 不能 转 证券 	证券 转 银行 为什么 转 不了 	1
123	请问 A股 开户 收费 不收 啊 	如何 收取 股票交易 交易 佣金 	0
124	融资 融券 业务 交易 能 新 三板 进行 	新 三板 可以 做 融资 融券 交易 	1
125	您好 新 三板 做市 转让 申报 规则 是 怎样 	手机 账号 忘记 怎么办 	0
126	自助 调整 融资 融券 授信额度 具体 要 怎么 操作 	如何 调整 融资 融券 授信额度 	1
127	为什么 帐户 不能 转款 	创业板 权限 开通 办理 时间 	0
128	为什么 转账 时 证券 可以 转入 银行 银行 不能 转入 证券 呢 	深交所 上市 债券 实行 全价 交易 有 哪些 	0
129	你好 如何 达到 申购 新股 条件 	新股申购 条件 	1
130	为什么 不能 登上 开户 	如何 开户 	1
131	调整 手续费 	如何 调整 交易 佣金 费率 	1
132	申购 新股 是不是 要 满足 一定 条件 啊 	如何 注销 证券 账号 	0
133	那个 证转 银 怎么 被 冻结 	证券 转 银行 为什么 转 不了 	1
134	忘记 交易 登录 密码 	忘记 交易 密码 怎么办 	1
135	现在 银转证 怎么 转 不了 	多少 资金 能 达到 多少 交易 佣金 	0
136	上交所 股东 投票 网址 是 多少 	新 三板 可以 做 融资 融券 交易 	0
137	什么 时候 能 确定 深圳 大宗 交易 成交 时间 	深圳 大宗 交易 成交 确定 时间 	1
138	怎样 查看 交易 佣金 	为什么 账号 有 资金 无法 转 出 	0
139	银行 转 证券 问题 	证券 转 银行 为什么 转 不了 	1
140	有 什么 办法 开立 信用度 账号 60 岁 以上 	60 岁 以上 如何 开立 信用度 账号 	1
141	为什么 资金 转 不 出去 	为什么 账号 有 资金 无法 转 出 	1
142	问 一下 怎么 开通 创业板 	70 岁 以上 自然人 可以 手机 开户 	0
143	创业 版 怎么 开 	创业板 如何 开通 	1
144	你好 帐号 证券 转 银行 为什么 转 不了 	证券 转 银行 为什么 转 不了 	1
145	银转证 转 不了 是 	证券 转 银行 为什么 转 不了 	1
146	股票交易 佣金 是 什么 	证券 转 银行 为什么 转 不了 	0
147	请问 怎么 开通 创业板 	创业板 权限 首次 开通 	0
148	帮 查查 交易 佣金 费率 	如何 查询 交易 佣金 费率 	1
149	为什么 银 转证 转不出 	证券 转 银行 为什么 转 不了 	1
150	身份证 过期 不能 开户 	身份证 过期 可以 办理 开户 	1
151	银行 转账 转 不了 	证券 转 银行 为什么 转 不了 	1
152	交易 佣金 费用 是 多少 	网上 开户 交易 佣金 是 多少 	0
153	怎么 开通 创业 版 	新股申购 市场 市场 价值 计算 范围 	0
154	要是 以后 不 投资 撤销 账号 怎么 撤销 	如何 开户 	0
155	把 账号 忘记 怎么办 	手机 账号 忘记 怎么办 	1
156	今天 存钱 今天 可以 买 股票 	证券 转 银行 为什么 转 不了 	0
157	请问 如果 中 签新 你们 给 发短 通知 	新股 中 签会 有 短信 通知 	1
158	你好 交易 密码 忘记 怎么办 	忘记 交易 密码 怎么办 	1
159	不去 营业厅 可以 有 办法 开通 网上 委托 权限 	网上 委托 权限 如何 开通 	1
160	登录 密码 忘 怎么办 	新股申购 时会 冻结资金 	0
161	转让 中小企业 私募 债券 方式 是 什么 	如何 转让 中小企业 私募 债券 	1
162	深圳证券交易所 证券 代码 是 如何 编制 	深圳证券交易所 证券 代码 编制 原则 是 什么 	1
163	哪几种 系统 是 新 三板 股票 进行 交易 	创业板 如何 开通 	0
164	哪几种 系统 是 新 三板 股票 进行 交易 	新 三板 股票 进行 交易 系统 有 哪些 	1
165	刚 上市 新股 能不能 第一天 操作 市价 委托 	新股 上市 首日 接受 市价 委托 	1
166	把 账号 忘 	如何 更换 账号 交易 密码 	0
167	如何 绑 多 张 银行卡 	当日 卖出 股票 可以 转 出 资金 	0
168	交易 佣金 手续费 多少 	新股申购 条件 	0
169	银行 转 证券 老 提示 失败 	证券 转 银行 为什么 转 不了 	1
170	不好意思 资金 密码 太久 没用 忘记 怎么 找 回来 	忘记 资金 密码 怎么办 	1
171	使用 金融 终端 怎么 更换 K 线图 副 图 指标 参数 	忘记 资金 密码 怎么办 	0
172	你们 这里 交易 佣金 是 多少 	为什么 账号 有 资金 无法 转 出 	0
173	开户 有 年费 	B股 交易 费用 	0
174	证卷 转 银行 为什么 转 不了 	股票 可以 当天 买入 当天 卖出 	0
175	当日 买入 可以 当日 卖出 不 	深交所 B股 证券 代码 编制 原则 是 什么 	0
176	登录 编号 是 什么 	如何 开户 	1
177	已经 开 	如何 开户 	1
178	银行 转账 转 不了 	新股申购 条件 	0
179	问下 银行卡 换 怎么 转 不 出来 	证券 转 银行 为什么 转 不了 	1
180	客户 编号 忘 密码 忘 怎么办 	新 三板 协议 转让 成交 规则 	0
181	用 什么 办法 可以 重置 信用度 账号密码 	如何 重置 信用度 账号密码 	1
182	交易 登录 密码 忘 	忘记 交易 密码 怎么办 	1
183	深市 货币 ETF 是 通过 何种 方式 来 计算 收益 	证券 转 银行 为什么 转 不了 	0
184	可用 钱 为什么 不 可取 	为什么 资金 可用 不 可取 	1
185	收取 股票交易 交易 佣金 方式 是 什么 	忘记 交易 密码 怎么办 	0
186	帳號 忘 	深交所 债券 费用 有 哪些 	0
187	请问 开通 创业板 	新 三板 企业 限售期 	0
188	已经 开 过户 	信用度 账号 资金 无法 转出 原因 	0
189	哪开 创业板 	创业板 如何 开通 	1
190	已经 开户 但 登录 时要 帐号 	为什么 账号 有 资金 无法 转 出 	0
191	那个 证转 银 怎么 被 冻结 	手机 账号 忘记 怎么办 	0
192	股票 卖出 钱 没 办法 转入 银行卡 	当日 卖出 股票 可以 转 出 资金 	1
193	转 不 出钱 到 银行 	新 三板 股价 变动 单位 	0
194	貌似 现在 无法 银证 转账 呢 	转账 失败 原因 	1
195	忘记 客户 编号 	客户 编号 忘记 如何 找回 	1
196	新股申购 会不会 冻结资金 	创业板 如何 开通 	0
197	已经 申购 新股 为什么 没 配号 	申购 新股 为什么 查询 不到 配号 	1
198	你好 登录 密码 忘 	手机 账号密码 忘记 怎么办 	1
199	什么 条件 可以 申购 新股 	上交所 股票 期权 行权 价格 间距 如何 设置 	0
200	你好 资金 为什么 转 不 出去 	为什么 账号 有 资金 无法 转 出 	1
201	交易 密码 忘 怎么 找回 啊 	忘记 交易 密码 怎么办 	1
202	如何 取消 三板 交易 权限 	新股申购 时会 冻结资金 	0
203	问 一下 手续费 是 多少 	手机 账号密码 忘记 怎么办 	0
204	当日 卖出 股票 资金 会 当天 3 点 收市 能 转出 	A股 账号 销户 有 哪些 注意事项 	0
205	B股 最小 变动 单位 是 多少 啊 	为什么 账号 有 资金 无法 转 出 	0
206	请问 要 怎样 开通 创业 版 	证券 转 银行 为什么 转 不了 	0
207	为啥 转 不 进来 资金 	新股申购 条件 	0
208	股票 怎么 收费 	手机 账号 忘记 怎么办 	0
209	信用度 账号 能不能 参与 逆 回购 交易 	信用度 账号 可以 参与 逆 回购 	1
210	十位 交易 号码 忘记 怎么 查询 找到 	客户 编号 忘记 如何 找回 	1
211	新 三板 适合 什么样 投资者 	如何 更换 账号 交易 密码 	0
212	怎么 转 不 出钱 	为什么 账号 有 资金 无法 转 出 	1
213	你好 账号 怎么 登录 不上 呢 	如何 开户 	1
214	手续费 多少 	多少 资金 能 达到 多少 交易 佣金 	1
215	请问 怎么 更换 银行卡 	手机 账号 忘记 怎么办 	0
216	今天 卖出 股票 资金 什么 时候 可以 取出 到 银行卡 	信用度 账号 交易 允许 市价 委托 	0
217	A股 B股 交易 币种 	B股 以 什么 币种 交易 	1
218	网上 申购 数量 有 限制 	网上 申购 数量 有何 限制 	1
219	当日 卖出 股票 资金 什么 时候 可以 转 出 	当日 卖出 股票 可以 转 出 资金 	1
220	怎么 帐号 登录 不上 	手机 账号 忘记 怎么办 	0
221	交易 交易 佣金 收取 情况 可以 通过 什么 方式 查找 	创业板 如何 开通 	0
222	期权 交易 权限 可以 调整 可以 的话 方法 是 怎样 呢 	证券 转 银行 为什么 转 不了 	0
223	转 不了 钱 进去 	为什么 账号 有 资金 无法 转 出 	1
224	我要 调整 交易 费 	手机 账号密码 忘记 怎么办 	0
225	创业板 如何 开通 	身份证 过期 可以 办理 开户 	0
226	已经 开有户 哪 登录 	如何 开户 	1
227	申请 开立 信用度 账号 有 什么 条件 	B股 股票 能 作为 融资 融券 担保 品 	0
228	为什么 账号 交易 不了 带 ST 股票 	ST 股票 为什么 无法 买入 	1
229	麻烦 问 一下 认购 新股 有 什么 条件 	新股申购 条件 	1
230	问 一下 身份证 过期 能 开户 	多少 资金 能 达到 多少 交易 佣金 	0
231	新三版 股票 清算 交收 规则 包括 什么 	新 三板 股票 清算 交收 规则 	1
232	十位 交易 号码 忘记 怎么 查询 找到 	创业板 如何 开通 	0
233	账号 怎么 不能 登录 	手机 账号 忘记 怎么办 	0
234	理财 账号 开户费 是 多少 	上交所 债券 质押 式 回购 竞价 交易 有效 竞价 范围 	0
235	新 开户 手续费 多少 	网上 开户 交易 佣金 是 多少 	1
236	你好 请 帮 我查 一下 交易 佣金 费率 	忘记 资金 密码 怎么办 	0
237	新 三板 市场 信息 是 怎样 披露 	新股 IPO 网上 发行 制度 有 哪些 更换 	0
238	怎么 登录 交易 帐号 密码 总是 说 错误 	如何 更换 金融 终端 K 线图 副 图 指标 参数 	0
239	无法 买入 ST 补仓 	网上 委托 权限 如何 开通 	0
240	问下 怎么 知道 自己 开通 创业板 呢 	创业板 如何 开通 	1
241	资金 转不出 银行 	为什么 账号 有 资金 无法 转 出 	0
242	问下 怎么 知道 自己 开通 创业板 呢 	新股 上市 首日 委托 买入 为什么 作废 	0
243	忘记 登录 密码 怎么办 	手机 账号密码 忘记 怎么办 	1
244	您好 你们 手续费 是 多少 	证券 转 银行 为什么 转 不了 	0
245	打 新股 需要 什么 要求 	新股申购 条件 	1
246	登录 不 成功 	转账 失败 原因 	1
247	请问 手续费 多少 	多少 资金 能 达到 多少 交易 佣金 	1
248	要 办理 创业板 	多少 资金 能 达到 多少 交易 佣金 	0
249	中 新股 怎么 缴款 啊 	A股 开户 是否 收费 	0
250	交易 密码 忘记 	忘记 交易 密码 怎么办 	1
251	你好 咨询 一下 申购 新股 需要 什么 条件 	新股申购 条件 	1
252	我要 怎样才能 买 股票 	手机 账号 忘记 怎么办 	0
253	忘记 客户 编号 怎么办 	新股申购 条件 	0
254	股票 什么 时候 交易 	股票 交易 时间 	1
255	帐号 为啥 不能 登录 	如何 开户 	1
256	调整 交易 佣金 	为什么 资金 可用 不 可取 	0
257	什么 时候 能 出售 股票 	股票 交易 时间 	1
258	期权 手续费 交易 佣金 是 多少 	为什么 账号 有 资金 无法 转 出 	0
259	新股申购 如何 撤单 	如何 可以 买 股票 	0
260	手续费 调整 	如何 调整 交易 佣金 费率 	1
261	持有 什么 证据 投诉 上市公司 是 合法 	投诉 上市公司 什么样 证据 合法 有效 	1
262	可以 开通 多个 港股 通 账号 	忘记 交易 密码 怎么办 	0
263	如何 绑 多 张 银行卡 	如何 绑 多 张 银行卡 	1
264	账号 密码 都 忘记 怎么办 	手机 账号密码 忘记 怎么办 	1
265	新股 中 签后 到 上市 交易 需 多长时间 	新股 中 签后 股份 何时 上市 	1
266	客户 编号 不记得 可以 找回 	上市公司 进行 重大 资产重组 停牌 时间 最长 期限 是 多久 	0
267	这里 可以 开户 	如何 开户 	1
268	系统 显示 已 申请 为什么 几天 买 不了 ST 	ST 股票 为什么 无法 买入 	1
269	深市 中小企业 板块 A股 证券 代码 怎么 查 	深市 中小企业 板块 A股 证券 代码 是 多少 	1
270	哪些 是 B股 委托 申报 方式 	如何 更换 银行卡 	0
271	申购 深证 新股 需要 哪些 条件 	手机 账号密码 忘记 怎么办 	0
272	打新 过程 中 发现 深市 股票 配号 前 8 位数 是 小数点 加 两个 零 如 12345678 	新 三板 股票 进行 交易 系统 有 哪些 	0
273	手续费 是 万几 	为什么 账号 有 资金 无法 转 出 	0
274	股票 交易 时间 	证券 转 银行 为什么 转 不了 	0
275	账号 忘记 	多少 资金 能 达到 多少 交易 佣金 	0
276	B股 最小 变动 单位 是 多少 啊 	B股 价格 最小 变动 单位 	1
277	现在 开户 的话 交易 佣金 多少 呢 	网上 开户 交易 佣金 是 多少 	1
278	我能 开 创业板 	为什么 账号 有 资金 无法 转 出 	0
279	请问 A股 开户 免费 	为什么 账号 有 资金 无法 转 出 	0
280	新 三板 股票 申报 价格 有 涨跌幅 限制 	创业板 如何 开通 	0
281	开 创业 	创业板 如何 开通 	1
282	账号 为什么 不能 登录 	如何 开户 	1
283	帐户 可以 开通 创业板 	创业板 如何 开通 	1
284	如何 取消 第三方 存管 	为什么 账号 有 资金 无法 转 出 	0
285	新 三板 适合 什么样 投资者 	新 三板 投资者 有 哪些 	1
286	交易 手续费 	忘记 交易 密码 怎么办 	0
287	新股 中 签后 到 上市 交易 需 多长时间 	新 三板 投资者 有 哪些 	0
288	自助 开户 三方 存管 	自助 开户 如何 补办 三方 存管 	1
289	开户 交易 佣金 多少 	上交所 债券 逆 回购 申报 数量 要求 	0
290	银行 转入 证券 为什么 用不了 	证券 转 银行 为什么 转 不了 	1
291	登录 密码 忘 	手机 账号密码 忘记 怎么办 	1
292	002399 停牌 好久 啥时候 复牌 呢 	手机 账号密码 忘记 怎么办 	0
293	为什么 银行 转 证券 不行 	证券 转 银行 为什么 转 不了 	1
294	新 开户 帐号 为什么 不能 申购 新股 	新股申购 条件 	1
295	问下 怎么 开 创业板 	创业板 如何 开通 	1
296	怎样 变更 第三方 存管 银行卡 	创业板 权限 开通 办理 时间 	0
297	怎么 开户 啊 	深交所 对 竞价 交易 临时 停牌 有何 规定 	0
298	新 三板 股票 即时 行情 要素 都 包括 什么 	新股申购 条件 	0
299	怎么 登录 交易 帐号 密码 总是 说 错误 	如何 更换 账号 交易 密码 	1
300	为什么 资金 不能 转 银行 	证券 转 银行 为什么 转 不了 	1
301	手续费 是 万几 	多少 资金 能 达到 多少 交易 佣金 	1
302	银行 转钱 到 你们 证券 有 时间 规定 	银证 转账 时间 	1
303	哪些 股票 能用 信用度 账号 交易 啊 	ST 股票 为什么 无法 买入 	0
304	账号 里面 钱 转 不 出去 	为什么 账号 有 资金 无法 转 出 	1
305	网上 不能 开通 创业板 权限 	创业板 权限 首次 开通 	1
306	什么 时候 能 确定 深圳 大宗 交易 成交 时间 	客户 编号 忘记 如何 找回 	0
307	开户 套餐 是 什么 意思 	如何 开户 	1
308	资金 已 转入 怎么 账号 里面 没 显示 	为什么 账号 有 资金 无法 转 出 	1
309	怎样 首次 开通 创业板 	创业板 权限 首次 开通 	1
310	我刚 卖出 股票 资金 什么 转 出 	当日 卖出 股票 可以 转 出 资金 	1
311	使用 金融 终端 怎么 更换 K 线图 副 图 指标 参数 	如何 更换 金融 终端 K 线图 副 图 指标 参数 	1
312	为什么 账号 有 资金 无法 转 出 	为什么 账号 有 资金 无法 转 出 	1
313	新 三板 股票 申报 价格 有 涨跌幅 限制 	新 三板 股票 申报 价格 是否 有 涨跌幅 限制 	1
314	个人 投资者 开通 深港 通 条件 	新 三板 股票 协议 转让 申报 类型 	0
315	好像 已经 开通 创业板 	创业板 如何 开通 	1
316	忘记 交易 密码 要 什么 证件 	忘记 交易 密码 怎么办 	1
317	新 三板 股票 有 哪些 编码 规则 	如何 开户 	0
318	账号 怎么 登录 不上 	如何 开户 	1
319	您好 账号 怎么 不能 转款 啊 	如何 注销 信用度 账号 	0
320	为什么 资金 证转 银转 不了 	如何 更换 银行卡 	0
321	今天 卖出 股票 资金 何时 可以 转 到 银行卡 	当日 卖出 股票 可以 转 出 资金 	1
322	新股申购 按 错 能 撤单 	深港 通 标的 股票 范围 	0
323	银行 转入 证券 为什么 用不了 	手机 账号 忘记 怎么办 	0
324	您好 问 一下 交易 交易 佣金 是 多少 	网下 打 新 缴款 账号 是否 需 与 三方 存管 银行账号 一致 	0
325	为什么 刚才 股票 不能 卖 	如何 可以 买 股票 	1
326	您好 开通 创业板 权限 必须 到 柜台 	创业板 权限 首次 开通 	1
327	资金 转入 失败 是 什么 问题 	为什么 账号 有 资金 无法 转 出 	1
328	同行 换 第三方 存管 怎么 换 	如何 更换 同一 银行 三方 存管 银行卡 	1
329	股票 可以 当天 买入 当天 卖出 	股票 可以 当天 买入 当天 卖出 	1
330	你好 这边 交易 佣金 多少 	多少 资金 能 达到 多少 交易 佣金 	1
331	资金 怎么 提 不 出来 	信用度 账号 使用 限制 	0
332	为什么 资金 转 不 出去 	B股 交易 费用 	0
333	成为 融资 融券 担保 品 人民币 特种 股票 可以 	新股申购 条件 	0
334	我要 怎样才能 买 股票 	如何 可以 买 股票 	1
335	交易 ‘ 密码 怎么 找回 密码 	忘记 交易 密码 怎么办 	1
336	请问 为什么 转 不 出去 钱 	如何 开户 	0
337	深港 通 标的 股 名单 	深港 通 标的 股票 范围 	1
338	忘 账号 	手机 账号 忘记 怎么办 	1
339	买入 ST 山水 但是 就是 买不进 不知 为什么 	手机 账号密码 忘记 怎么办 	0
340	新 三板 股票 即时 行情 要素 是 什么 	新 三板 股票 即时 行情 包含 哪些 要素 	1
341	人民币 特种 股票 是否 可以 作为 融资 融券 担保 品 	创业板 如何 开通 	0
342	你好 账号 怎么 登录 不上 呢 	手机 账号密码 忘记 怎么办 	0
343	请问 股票 账号 可以 通过 网上 注销 	如何 注销 证券 账号 	1
344	新 三板 做市 转让 申报 有 哪些 条件 	新 三板 做市 转让 申报 规则 	1
345	手续费 是 万几 啊 	新股申购 市场 市场 价值 计算 范围 	0
346	手续费 降低 这里 可以 调整 	如何 调整 交易 佣金 费率 	1
347	股票交易 什么 时候 能 转账 回 银行卡 	信用度 账号 股票 可以 申购 ETF 基金 	0
348	注销 账号 需要 什么 手续 	没 办理 外币 银证 转账 业务 客户 如何 取款 	0
349	你好 请问 申购 新股 条件 是 什么 	若 手机 丢失 需要 重新 申请 电子签名 	0
350	当日 买入 股票 为什么 当日 不能 卖出 	如何 注销 三方 存管 账号 	0
351	你好 问 一下 怎么 资金 转不出 	证券 转 银行 为什么 转 不了 	0
352	忘记 帐号 	信用度 账号 股票 可以 申购 ETF 基金 	0
353	深市 A股 增发 代码 具体 指 什么 	如何 开户 	0
354	新 三板 协议 转让 成交 原则 有 哪些 	新 三板 协议 转让 成交 规则 	1
355	股票 什么 时间 开始 交易 	申购 开放式 基金 时 提示 证券 停牌 	0
356	你好 身份证 过期 可以 开户 	身份证 过期 可以 办理 开户 	1
357	新股申购 配号 是 按 时间 顺序 分 	新股申购 配号 规则 	1
358	银行 转钱 到 你们 证券 有 时间 规定 	多少 资金 能 达到 多少 交易 佣金 	0
359	不是 柜台 开户 可以 	开通 创业板 权限 对 账号 有 什么 要求 	0
360	三板 交易 权限 取消 方式 是 什么 	三板 交易 权限 如何 取消 	1
361	资金 转不出 	B股 股票 能 作为 融资 融券 担保 品 	0
362	约定 购回 卷 是 人民币 特种 股 标的 	B股 是 约定 购回 标的 券 	1
363	我能 金融 终端 查到 银行 余额 信息 但 转账 为什么 不 成功 	股票 可以 当天 买入 当天 卖出 	0
364	能 开 创业板 	新股申购 条件 	0
365	你好 为什么 将款 转到 银行卡 转 不 出去 	证券 转 银行 为什么 转 不了 	1
366	创业板 如何 开通 	创业板 如何 开通 	1
367	申购 新股 时 怎么 总是 显示 不 符合 新股申购 条件 呢 	股票 交易 时间 	0
368	更换 成本价 方式 有 哪些 	如何 更换 成本价 数值 	1
369	最少 可以 买 多少 B股 	B股 最小 交易 单位 	1
370	为什么 不能 转 到 农业银行 	证券 转 银行 为什么 转 不了 	1
371	上交所 新股 上市 第一天 有效 申报 价格 范围 有 怎样 规定 	网下 打 新 申报 价格 有 什么 规定 	0
372	请问 资金 怎么 转 不了 去 银行 	如何 开户 	0
373	账号 怎么 不 允许 取 钱 	当日 卖出 股票 可以 转 出 资金 	0
374	新股 上市 首日 委托 买入 为什么 显示 废单 	创业板 如何 开通 	0
375	信用度 账号 操作 配股 方法 	信用度 账号 如何 操作 配股 	1
376	股票 卖 资金 怎么 转 出不来 	为什么 账号 有 资金 无法 转 出 	0
377	您好 新 三板 做市 转让 申报 规则 是 怎样 	新 三板 做市 转让 申报 规则 	1
378	你好 怎样 开通 创业板 	创业板 如何 开通 	1
379	为啥 钱 账号 提 不 出来 	深圳 大宗 交易 成交 确定 时间 	0
380	可以 直接 买 A股 	创业板 如何 开通 	0
381	持有 是 信用度 账号 股票 怎样 行使 投票权 呢 	信用度 账号 持有 股票 如何 行使 投票权 	1
382	为什么 转 不了 银行卡 	证券 转 银行 为什么 转 不了 	1
383	我要 调整 下 交易 佣金 费 	如何 调整 交易 佣金 费率 	1
384	新三版 股票 转让 是 用 什么 单位 计价 	新三版 股票 转让 计价 单位 	1
385	新 三板 股票 转让 费用 如何 计算 	如何 开户 	0
386	今天 卖出 股票 钱要 多久 可以 转 进 银行 	股票 可以 当天 买入 当天 卖出 	0
387	今天 卖 股票 钱 今天 能取 到 银行卡 不 	当日 卖出 股票 可以 转 出 资金 	1
388	帐号 忘 	如何 更换 银行卡 	0
389	网上 开户 交易 佣金 是 多少 	如何 调整 交易 佣金 费率 	0
390	怎么 开户 	如何 开户 	1
391	你好 交易 密码 忘记 怎么办 	新股申购 条件 	0
392	之前 开 户 能用 	如何 开户 	1
393	账号 密码 都 忘记 怎么办 	如何 调整 交易 佣金 费率 	0
394	证券 转 银行 怎么 转 不了 啊 	创业板 如何 开通 	0
395	开户 套餐 都 是 什么 意思 啊 	同一 新股 可 多次 申购 	0
396	你好 今天 卖 股票 钱 什么 时间 可以 往 银行卡 转 	如何 更换 同一 银行 三方 存管 银行卡 	0
397	交易 佣金 多少 啊 	多少 资金 能 达到 多少 交易 佣金 	1
398	请问 证券 转 银行 为什么 转 不了 	如何 更换 不同 银行 三方 存管 	0
399	你好 帐号 忘 怎么办 	证券 转 银行 为什么 转 不了 	0
400	你好 能帮 我查 一下 信用度 账号 新股 额度 	新股申购 条件 	0
401	知道 沪市 港股 通 可以 购买 哪些 股票 	深港 通 标的 股票 范围 	1
402	上市公司 进行 重大 资产重组 需要 多长时间 停牌 	股票 交易 时间 	0
403	请问 如何 开通 创业板 	创业板 如何 开通 	1
404	怎么 资金 转不出 	创业板 如何 开通 	0
405	客户 编号 忘记 怎么 查找 	客户 编号 忘记 如何 找回 	1
406	今天 刚 把 股票 卖 急 用钱 有 没 办法 今天 能 提现 	忘记 交易 密码 怎么办 	0
407	同行 换 第三方 存管 怎么 换 	手机 账号密码 忘记 怎么办 	0
408	为什么 资金 银行 转 不了 	证券 转 银行 为什么 转 不了 	1
409	登录 密码 忘 	手机 账号密码 忘记 怎么办 	1
410	新 三板 股价 以 什么 单位 变动 	新 三板 股价 变动 单位 	1
411	A股 港股 通 退市 制度 有 什么 不 一样 	A股 港股 通 退市 制度 区别 	1
412	帐号 忘 	手机 账号 忘记 怎么办 	1
413	交易 密码 忘 怎么办 	证券 转 银行 为什么 转 不了 	0
414	新 三板 投资者 都 是 什么 类型 	新 三板 投资者 有 哪些 	1
415	为什么 账号 资金 转不出 	新 三板 交易 时间 	0
416	投诉 上市公司 需要 哪些 证据 	如何 注销 三方 存管 账号 	0
417	创业板 权限 转签 	当日 卖出 股票 可以 转 出 资金 	0
418	申购 新股 受限 到期 需要 解除限制 	如何 开户 	0
419	如何 查询 证券 账号 	如何 查询 证券 账号 	1
420	账号 忘记 	信用度 账号 可以 购买 非 标的 证券 	0
421	能 帮 开通 创业板 	创业板 如何 开通 	1
422	为啥 转 不 进来 资金 	为什么 账号 有 资金 无法 转 出 	1
423	资金 密码 忘记 怎么 找回 	创业板 权限 开通 办理 时间 	0
424	你好 为啥 证券 转 银行 转 不了 呢 	手机 账号密码 忘记 怎么办 	0
425	加开 账号 	如何 开户 	1
426	钱 为什么 不能 转 到 银行 	证券 转 银行 为什么 转 不了 	1
427	新股申购 如何 撤单 	新股申购 可以 撤单 	1
428	成为 融资 融券 担保 品 人民币 特种 股票 可以 	B股 股票 能 作为 融资 融券 担保 品 	1
429	证券 要 转出 资金 为什么 会 冻结 	新 三板 市场 是 如何 披露 信息 	0
430	如何 调整 A股 交易 佣金 	如何 调整 交易 佣金 费率 	1
431	交易 佣金 比较 高 可以 调整 	如何 调整 交易 佣金 费率 	1
432	找回 客户 编号 	ST 股票 为什么 无法 买入 	0
433	你好 登录 密码 忘 	证券 转 银行 为什么 转 不了 	0
434	什么 时候 能 出售 股票 	客户 编号 忘记 如何 找回 	0
435	银转证 转 不了 	证券 转 银行 为什么 转 不了 	1
436	怎么 转不出 资金 	A股 停牌 原因 有 哪些 	0
437	新股申购 失败 错误代码 : B01 是 什么 意思 	证券 转 银行 为什么 转 不了 	0
438	新 三板 协议 转让 成交 原则 有 哪些 	如何 更换 同一 银行 三方 存管 银行卡 	0
439	以前 开 户 不 知道 怎么 用 	为什么 账号 有 资金 无法 转 出 	0
440	新股申购 中 签后 有 资金 情况 下 直接 冻结 	新股申购 时会 冻结资金 	1
441	忘记 登录 密码 怎么办 	上市公司 收购 可 采取 哪些 方式 	0
442	账号 号 忘记 	手机 账号 忘记 怎么办 	1
443	咨询 一下 打 新 需要 满足 什么 条件 呢 	新股申购 条件 	1
444	客户 编号 忘 怎么 找回 	客户 编号 忘记 如何 找回 	1
445	交易 密码 忘 	为什么 账号 有 资金 无法 转 出 	0
446	你好 请问 我要 什么 条件 才能 申购 新股 	新股申购 条件 	1
447	交易 账号 因为 手机 损坏 忘记 请问 如何 找回 	手机 账号密码 忘记 怎么办 	0
448	你好 如何 开通 创业板 	创业板 如何 开通 	1
449	你好 知道 账号 交易 佣金 费率 是 多少 	如何 查询 交易 佣金 费率 	1
450	股票 可以 当天 买入 当天 卖出 	证券 转 银行 为什么 转 不了 	0
451	电话号码 变 中 签时 证券公司 通知 不了 为 外地 能不能 通过 电话 改 一下 号码 	如何 更换 接收 新股 中签 提醒 短信 手机号码 	1
452	上海 A股 帐号 没 开通 怎么办 	为什么 资金 可用 不 可取 	0
453	登录 密码 忘 	手机 账号密码 忘记 怎么办 	1
454	信用度 账号 里面 市场 市场 价值 算 申购 市场 市场 价值 	B股 交易 时间 	0
455	现在 股 怎么办 	股票 交易 时间 	1
456	交易 佣金 多少 钱 	多少 资金 能 达到 多少 交易 佣金 	1
457	B股 交易 费用 	客户 编号 忘记 如何 找回 	0
458	当日 买入 可以 当日 卖出 不 	股票 可以 当天 买入 当天 卖出 	1
459	原来 网上 开通 账号 怎么 注销 	证券 转 银行 为什么 转 不了 	0
460	了解 一下 新 三板 指数 都 有 什么 	新 三板 有 哪些 指数 	1
461	帐号 密码 都 忘 怎么办 	创业板 如何 开通 	0
462	用 微信 能 开户 	手机 账号 忘记 怎么办 	0
463	您好 请问 交易 密码 忘记 怎么办 	忘记 交易 密码 怎么办 	1
464	变更 银行卡 必须 去 银行 	如何 更换 银行卡 	1
465	怎样才能 开 创业板 	如何 查询 是否 已 开通 创业板 权限 	0
466	信用度 账号 操作 配债 流程 是 什么 	信用度 账号 如何 操作 配债 	1
467	如何 更换 银行卡 	如何 更换 银行卡 	1
468	网下 大新 资格 允许 多家 券商 间 使用 	网下 打 新 资格 是否 支持 多家 券商 间 使用 	1
469	什么 是 深交所 债券 质押 式 回购 竞价 交易 有效 竞价 范围 	如何 开户 	0
470	身份证 过期 几天 可以 开户 	身份证 过期 可以 办理 开户 	1
471	资金 转不出 	为什么 账号 有 资金 无法 转 出 	1
472	已经 开户 怎么 登录 	如何 更换 接收 新股 中签 提醒 短信 手机号码 	0
473	今天 证券 转 银行 不行 	证券 转 银行 为什么 转 不了 	1
474	账号密码 忘记 	新股 中 签后 股份 何时 上市 	0
475	你好 请问 我要 什么 资格 才能 申购 新股 	新股申购 条件 	1
476	交易 交易 佣金 是 多少 	多少 资金 能 达到 多少 交易 佣金 	1
477	想要 开户 但是 身份证 过期 新 身份证 要 隔 段时间 才能 拿到 可以 开户 	身份证 过期 可以 办理 开户 	1
478	信用度 账号 资金 不能 转出 啊 	信用度 账号 资金 无法 转出 原因 	1
479	信用度 账号 资金 不能 转出 啊 	手机 账号密码 忘记 怎么办 	0
480	忘 编号 	手机 账号 忘记 怎么办 	1
481	亲 怎样 改 交易 密码 通讯 密码 	如何 更换 交易 密码 	1
482	撤销 三方 存管 怎么 办理 	创业板 如何 开通 	0
483	银行 转 证券 失败 	创业板 如何 开通 	0
484	那个 创业板 开通 怎么 不能 用 	创业板 如何 开通 	1
485	转 不了 银行卡 	证券 转 银行 为什么 转 不了 	1
486	你好 开户 套餐 是 什么 	如何 开户 	1
487	问 一下 外币 证券 转银证 金额 有 限制 	外币 证券 转 银行 限额 	1
488	如何 查询 是否 已开 创业板 	如何 查询 是否 已 开通 创业板 权限 	1
489	更换 成本价 方式 有 哪些 	信用度 账号 销户 条件 	0
490	怎么 开 创业 	创业板 如何 开通 	1
491	开户 中 	如何 开户 	1
492	已经 开户 怎么 登录 	如何 开户 	1
493	证券 转 银行 怎么 会 冻结资金 	证券 转 银行 为什么 转 不了 	1
494	哪些 条件 满足 可 申购 新股 	深交所 上市 债券 实行 净价 交易 有 哪些 	0
495	请问 证券 金转 银行 转 不了 	当日 卖出 股票 可以 转 出 资金 	0
496	怎么 更换 银行卡 	如何 更换 银行卡 	1
497	上交所 有 哪些 国债 逆 回购 品种 代码 是 多少 	上交所 逆 回购 品种 代码 有 哪些 	1
498	你好 忘记 账号 编号 	手机 账号 忘记 怎么办 	1
499	你好 登录 密码 忘记 	手机 账号密码 忘记 怎么办 	1
500	股票 帐号 怎么 查询 	如何 开户 	0
501	开通 创业 版 	股票交易 费用 	0
502	忘记 登录 客户 编号 怎么办 	如何 开户 	0
503	新股 上市 首日 委托 买入 为什么 显示 废单 	新股 上市 首日 委托 买入 为什么 作废 	1
504	所有 发行 新股 都 能 网下 新股申购 	如何 开户 	0
505	亲 帐号 忘记 怎么 查 	网下 打 新 备案 条件 	0
506	为什么 证券 转 银行 转 不了 	创业板 如何 开通 	0
507	持有 是 信用度 账号 股票 怎样 行使 投票权 呢 	新股 上市 首日 委托 买入 为什么 作废 	0
508	交易 密码 不 对 	忘记 交易 密码 怎么办 	1
509	怎么 转 不 出钱 	如何 开户 	0
510	交易 收费 	证券 转 银行 为什么 转 不了 	0
511	请问 要 怎么 区分 港股 通 A股 退市 制度 	A股 港股 通 退市 制度 区别 	1
512	证券 钱 为啥 不能 转 到 银行卡 	如何 可以 买 股票 	0
513	交易 佣金 是 多少 	多少 资金 能 达到 多少 交易 佣金 	1
514	交易 佣金 怎么 看 	如何 查询 交易 佣金 费率 	1
515	为什么 资金 可用 不 可取 	深港 通 股票交易 如何 操作 	0
516	资金 可用 可取 是 什么 意思 	如何 开户 	0
517	有 什么 办法 可以 处理 信用度 证券 账号 卡 遗失 	信用度 证券 账号 卡 遗失 应 如何 处理 	1
518	忘记 客户 编号 怎么办 	客户 编号 忘记 如何 找回 	1
519	交易 密码 忘记 怎么办 啊 	手机 账号 忘记 怎么办 	0
520	忘 客户 编号 	客户 编号 忘记 如何 找回 	1
521	交易 登录 编号 是 什么 	如何 更换 账号 交易 密码 	1
522	忘记 客户 编码 	为什么 账号 有 资金 无法 转 出 	0
523	当天 卖出 股票 资金 可 转入 银行卡 	当日 卖出 股票 可以 转 出 资金 	1
524	怎么 开 创业板 	当日 卖出 股票 可以 转 出 资金 	0
525	把 账号 忘 	手机 账号 忘记 怎么办 	1
526	股票 钱 转 不 出来 	信用度 账号 开立 何时 生效 	0
527	我能 开通 创业板 	手机 账号密码 忘记 怎么办 	0
528	已经 开户 	如何 开户 	1
529	怎样 开 权限 	当日 卖出 股票 可以 转 出 资金 	0
530	忘 交易 密码 怎么办 	忘记 交易 密码 怎么办 	1
531	证券 钱 为啥 不能 转 到 银行卡 	证券 转 银行 为什么 转 不了 	1
532	怎么 转 不 出来 钱 	为什么 账号 有 资金 无法 转 出 	1
533	资金 为什么 转 不 出去 呢 	为什么 账号 有 资金 无法 转 出 	1
534	接收 委托 深交所 新股 上市 首日 临时 停牌 期间 行 	ST 股票 为什么 无法 买入 	0
535	请问 资金 密码 忘 怎么办 	忘记 交易 密码 怎么办 	0
536	证转 银 没 成功 不知 为什么 	深圳 市场 债券 可以 采取 交易方式 	0
537	要是 开通 创业板 	为什么 账号 有 资金 无法 转 出 	0
538	哪里 可以 找到 上交所 股东大会 网络 投票 平台 	A股 开户 是否 收费 	0
539	我刚 卖 股票 为什么 钱 不能 证券 转 银行 	多少 资金 能 达到 多少 交易 佣金 	0
540	没办 外币 银证 转账 业务 要 怎样 可以 取款 	证券 转 银行 为什么 转 不了 	0
541	可以 买 这种 股票 	如何 可以 买 股票 	1
542	请问 撤销 当日 深交所 转股 要 怎么 操作 	深交所 转股 申报 当日 如何 撤销 	1
543	交易 密码 忘 	忘记 交易 密码 怎么办 	1
544	如果 销户 是不是 必须 把 账号 股票 卖完 啊 	A股 账号 销户 有 哪些 注意事项 	1
545	创业板 怎么 开通 	身份证 过期 如何 办理 	0
546	为什么 资金 转 出 失败 	证券 转 银行 为什么 转 不了 	1
547	你好 咨询 一下 开通 创业板 权限 需要 什么 要求 	开通 创业板 权限 对 账号 有 什么 要求 	1
548	新 三板 股票 转让 交易 费用 有 什么 	新 三板 股票 转让 交易 有 哪些 费用 	1
549	股票 卖 钱要 转到 银行 多少 时间 以后 可以 转出 到 银行 	当日 卖出 股票 可以 转 出 资金 	1
550	不 知道 现在 交易 佣金 费率 是 多少 	多少 资金 能 达到 多少 交易 佣金 	0
551	证券 转 银行 转 不了 	证券 转 银行 为什么 转 不了 	1
552	为什么 资金 转 不 出去 	银证 转账 时间 	0
553	如何 收取 股票交易 交易 佣金 	如何 收取 股票交易 交易 佣金 	1
554	怎么 开通 创业板 	如何 更换 账号 交易 密码 	0
555	能 开通 创业板 	创业板 如何 开通 	1
556	打 新股 需要 什么 要求 	手机 账号密码 忘记 怎么办 	0
557	请问 申购 新股 为什么 没 配号 	申购 新股 为什么 查询 不到 配号 	1
558	您好 请问 交易 交易 佣金 怎么 查询 	如何 可以 买 股票 	0
559	交易 ‘ 密码 怎么 找回 密码 	当日 卖出 股票 可以 转 出 资金 	0
560	要 什么样 条件 才能 申购 新股 	新股申购 条件 	1
561	交易 佣金 多少 啊 	如何 更换 金融 终端 个股 分时图 下方 成交量 柱状 线 颜色 	0
562	帐号 忘记 	手机 账号 忘记 怎么办 	1
563	忘 客户 编号 	客户 编号 忘记 如何 找回 	1
564	创业板 首次 如何 开通 	创业板 权限 首次 开通 	1
565	现在 可以 交易 	股票 交易 时间 	1
566	登录 密码 忘记 怎么办 	手机 账号密码 忘记 怎么办 	1
567	交易 佣金 能 调整 感觉 好 高 	证券 转 银行 为什么 转 不了 	0
568	新 三板 协议 转让 成交 情况 都 有 什么 	新 三板 协议 转让 有 哪些 成交 情况 	1
569	股票交易 收费 	忘记 交易 密码 怎么办 	0
570	你好 如何 达到 申购 新股 条件 	如何 调整 期权 交易 权限 	0
571	请问 帐号 为什么 登录 不上 	手机 账号密码 忘记 怎么办 	0
572	今天 股票 卖 今天 钱 可以 转 银行卡 	证券 转 银行 为什么 转 不了 	0
573	今天 证券 转 银行 不行 	如何 开户 	0
574	现在 开户 交易 交易 佣金 是 多少 	网上 开户 交易 佣金 是 多少 	1
575	交易 账号 因为 手机 损坏 忘记 请问 如何 找回 	客户 编号 忘记 如何 找回 	1
576	证券 转 银行 怎么 转 不了 呢 	证券 转 银行 为什么 转 不了 	1
577	怎么 银行 转 不了 钱 	证券 转 银行 为什么 转 不了 	1
578	为什么 资金 证券 转 不了 银行 	如何 调整 期权 交易 权限 	0
579	当日 卖出 股票 资金 什么 时候 可以 转 出 	当日 卖出 股票 可以 转 出 资金 	1
580	基金 申购 时 可以 使用 哪些 方式 来 扣取 手续费 	股票 可以 当天 买入 当天 卖出 	0
581	你好 为什么 账号 不能 转款 出来 	为什么 账号 有 资金 无法 转 出 	1
582	怎么 钱 不能 转 证券 	证券 转 银行 为什么 转 不了 	1
583	请问 交易 密码 不记得 	如何 开户 	0
584	你好 怎么 知道 自己 开通 创业板 	网上 开户 交易 佣金 是 多少 	0
585	怎么 开 创业 版 	创业板 如何 开通 	1
586	为什么 账号 不能 转钱 进去 	创业板 如何 开通 	0
587	怎么 证卷 不能 转 银行 	证券 转 银行 为什么 转 不了 	1
588	开通 创业板 	为什么 账号 有 资金 无法 转 出 	0
589	想要 办理 创业板 	新股 中 签后 股份 何时 上市 	0
590	为什么 帐户 不能 转款 	为什么 账号 有 资金 无法 转 出 	1
591	您好 请问 申购 沪证 新股 条件 	创业板 如何 开通 	0
592	为什么 账号 转 银行 不 允许 	证券 转 银行 为什么 转 不了 	1
593	更换 账号 交易 密码 方法 是 什么 	创业板 如何 开通 	0
594	B股 资金 交收 时间 	B股 交收 规则 	1
595	如何 更换 银行卡 	多少 资金 能 达到 多少 交易 佣金 	0
596	怎样 找回 资金 密码 	忘记 资金 密码 怎么办 	1
597	股票 可以 当天 买入 当天 卖出 	证券 转 银行 为什么 转 不了 	0
598	怎么 开通 帐户 	忘记 交易 密码 怎么办 	0
599	交易 登录 密码 忘记 怎么 找回 	如何 调整 交易 佣金 费率 	0
600	为什么 不 证券 转 到 银行 转 不了 	证券 转 银行 为什么 转 不了 	1
601	怎么 开 	证券 转 银行 为什么 转 不了 	0
602	股票 手续费 怎么 收 	如何 收取 股票交易 交易 佣金 	1
603	转账 失败 为什么 	转账 失败 原因 	1
604	如何 交易 股票 	如何 交易 股票 	1
605	交易 密码 更换 的话 必须 单独 上传 信息 更换 	如何 更换 账号 交易 密码 	1
606	为什么 要 买 ST 股票 不让 买入 呢 	新股 中签 没 及时 缴款 有 什么 影响 	0
607	当天 卖出 股票 资金 可 转入 银行卡 	如何 查询 证券 账号 	0
608	登录 账号 不 去 	忘记 资金 密码 怎么办 	0
609	交易 佣金 调整 	创业板 如何 开通 	0
610	上海 A股 为什么 开通 不了 	上交所 债券 费用 有 哪些 	0
611	股票交易 交易 佣金 怎样 收取 	信用度 账号 如何 申购 新股 	0
612	银行 转账 到 帐户 转入 失败 	新股申购 配号 规则 	0
613	交易 佣金 多少 	如何 查询 证券 账号 	0
614	账号 忘记 	手机 账号 忘记 怎么办 	1
615	银行 转 不了 	证券 转 银行 为什么 转 不了 	1
616	请问 证券 转 银行 为什么 转 不了 	证券 转 银行 为什么 转 不了 	1
617	交易 佣金 手续费 是 多少 	多少 资金 能 达到 多少 交易 佣金 	1
618	账号 忘记 怎么办 	证券 转 银行 为什么 转 不了 	0
619	请问 资金 怎么 转 不了 去 银行 	证券 转 银行 为什么 转 不了 	1
620	为什么 钱 转 不 出来 	证券 转 银行 为什么 转 不了 	0
621	请问 证券 金转 银行 转 不了 	证券 转 银行 为什么 转 不了 	1
622	如何 查询 是否 已开 创业板 	如何 收取 股票交易 交易 佣金 	0
623	开通 创业板 权限 有 什么 要求 	创业板 权限 首次 开通 	1
624	登录 密码 忘记 	手机 账号密码 忘记 怎么办 	1
625	如何 查看 交易 佣金 	如何 查询 交易 佣金 费率 	1
626	银行 转 债券 失败 	创业板 如何 开通 	0
627	开 创业板 	创业板 如何 开通 	1
628	为什么 不能 转入 银行 	新股申购 条件 	0
629	请问 星期五 卖出 股票 资金 今天 转不出 	当日 卖出 股票 可以 转 出 资金 	1
630	个人 投资者 开通 深港 通 条件 	深市 港股 通 开通 条件 	1
631	股票 手续费 怎么 收 	手机 账号 忘记 怎么办 	0
632	身份证 过期 可以 进行 账号 交易 	多少 资金 能 达到 多少 交易 佣金 	0
633	怎么 开 	证券 转 银行 为什么 转 不了 	0
634	能不能 把 第三方 存管 取消 	如何 注销 三方 存管 账号 	1
635	已经 开户 好几个 月 什么 时候 有 买 创业板 权限 	创业板 权限 开通 办理 时间 	1
636	您好 请问 怎么 开通 创业板 	创业板 如何 开通 	1
637	期权 手续费 交易 佣金 是 多少 	多少 资金 能 达到 多少 交易 佣金 	1
638	深市 中小企业 板块 A股 证券 代码 是 啥 	新股申购 可以 撤单 	0
639	自助 开户 第三方 存管 要 怎么 补办 	为什么 账号 有 资金 无法 转 出 	0
640	以前 开 户 不 知道 怎么 用 	如何 开户 	1
641	请问 深交所 中签 新股 查询电话 是 好多 	忘记 交易 密码 怎么办 	0
642	怎么 说 让 开通 创业 	创业板 如何 开通 	1
643	资金 为什么 转不出 	为什么 账号 有 资金 无法 转 出 	1
644	什么 条件 可以 申购 新股 	新股申购 条件 	1
645	请问 下 怎么 开户 啊 	如何 开户 	1
646	为什么 资金 转 不 出去 	如何 转让 中小企业 私募 债券 	0
647	把 跟 理财 账号 相关 银行卡 取消 要 怎么 做 	创业板 如何 开通 	0
648	忘记 客户 编号 	深交所 转股 申报 当日 如何 撤销 	0
649	资金 怎么 转 不了 	为什么 账号 有 资金 无法 转 出 	1
650	为什么 资金 转入 会 提示 失败 	开通 创业板 权限 对 账号 有 什么 要求 	0
651	您好 请问 怎么 开通 创业板 	信用度 账号 开通 条件 	0
652	开立 信用度 账号 有 门槛 	如何 收取 股票交易 交易 佣金 	0
653	信用度 账号 融资 买入 证券市场 市场 价值 纳入 新股申购 市场 市场 价值 中 	多少 资金 能 达到 多少 交易 佣金 	0
654	请问 为什么 资金 不能 转 银行 	证券 转 银行 为什么 转 不了 	1
655	新股申购 失败 错误代码 B01 是 什么 情况 	新股申购 失败 错误代码 : B01 	1
656	想要 开户 但是 身份证 过期 新 身份证 要 隔 段时间 才能 拿到 可以 开户 	如何 更换 账号 交易 密码 	0
657	银转证 不 成功 	如何 开户 	0
658	新 三板 协议 转让 怎样才能 成交 	新 三板 股票 即时 行情 包含 哪些 要素 	0
659	如何 开通 创业板 新 三板 	创业板 如何 开通 	1
660	网下 打 新 价格 如何 申报 	忘记 交易 密码 怎么办 	0
661	不 允许 转款 是 什么 意思 	当日 卖出 股票 可以 转 出 资金 	0
662	怎么 转 不了 钱 进去 	新股申购 可以 撤单 	0
663	转帐 失败 原因 	创业板 如何 开通 	0
664	请问 账号 为什么 转 不了 银行 	证券 转 银行 为什么 转 不了 	1
665	用 信用度 账号 操作 要约 收购 行 	信用度 账号 可以 操作 要约 收购 	1
666	股票 卖出 资金 什么 时候 能 取出 	当日 卖出 股票 可以 转 出 资金 	1
667	为什么 资金 银行 转 不了 	客户 编号 忘记 如何 找回 	0
668	可以 开户 	交易 佣金 与 手续费 区别 	0
669	找回 交易 密码 	新股 中签 如何 缴款 	0
670	怎么 开通 帐户 	如何 开户 	1
671	您好 账号 怎么 不能 转款 啊 	为什么 账号 有 资金 无法 转 出 	1
672	您好 为什么 证券 转 银行 资金 转 不 出来 	证券 转 银行 为什么 转 不了 	1
673	问 一下 手续费 是 多少 	多少 资金 能 达到 多少 交易 佣金 	1
674	账号 为什么 转 不 出钱 	如何 注销 证券 账号 	0
675	A股 港股 通 退市 制度 有 什么 不 一样 	如何 开户 	0
676	身份证 到期 对 账号 交易 有 影响 	手机 账号 忘记 怎么办 	0
677	申请 新 三板 挂牌 需要 多久 	新 三板 挂牌 申请 需要 多少 时间 	1
678	忘记 帐号 	如何 收取 股票交易 交易 佣金 	0
679	要是 以后 不 投资 撤销 账号 怎么 撤销 	如何 注销 证券 账号 	1
680	客户 编号 忘 密码 忘 怎么办 	手机 账号密码 忘记 怎么办 	1
681	转账 失败 原因 	转账 失败 原因 	1
682	明天 卖 股票 后能 当天 销户 	当日 卖出 股票 可以 转 出 资金 	0
683	请问 今天 卖出 股票 钱 今天 不能 转账 回 银行 	三板 交易 权限 如何 取消 	0
684	网下 大新 资格 允许 多家 券商 间 使用 	网上 开户 交易 佣金 是 多少 	0
685	更换 同一 银行 三方 存管 银行卡 必须 本人 	忘记 资金 密码 怎么办 	0
686	怎么 更换 银行卡 啊 	手机 账号密码 忘记 怎么办 	0
687	账号 登录 不 进去 	如何 开户 	1
688	交易 秘码 忘 	为什么 账号 有 资金 无法 转 出 	0
689	找回 交易 密码 	忘记 交易 密码 怎么办 	1
690	怎么 不能 转钱 出来 	为什么 账号 有 资金 无法 转 出 	1
691	怎么 转 不 出来 钱 	开通 创业板 权限 对 账号 有 什么 要求 	0
692	你好 资金 怎么 转 不 进来 	信用度 账号 可以 购买 ST 股票 	0
693	买 不了 股票 啊 	忘记 交易 密码 怎么办 	0
694	忘记 账号密码 	B股 是 约定 购回 标的 券 	0
695	创业板 不是 已经 开通 	新股申购 条件 	0
696	银转证 怎么 转 不了 	证券 转 银行 为什么 转 不了 	1
697	不记得 开户 帐号 	如何 开户 	1
698	账号 为什么 不能 登录 	如何 开户 	1
699	怎么 转不出 资金 	为什么 账号 有 资金 无法 转 出 	1
700	知道 密码 但是 账号 忘记 	忘记 交易 密码 怎么办 	0
701	新股 创业 股在 什么 条件 下 才能 申购 	新股申购 条件 	1
702	你好 请问 为什么 邮政储蓄 银行 转账 不到 帐户 	转账 失败 原因 	1
703	网上 开户 交易 佣金 是 多少 	如何 更换 银行卡 	0
704	B股 股票 怎么 作为 融资 融券 担保 品 	证券 转 银行 为什么 转 不了 	0
705	忘记 交易 账号 怎么办 	为什么 账号 有 资金 无法 转 出 	0
706	开户 中 	客户 编号 忘记 如何 找回 	0
707	为什么 账号 不能 转钱 进去 	为什么 账号 有 资金 无法 转 出 	1
708	处 有 B股 开通 A股 能 网上 申请 	如何 开户 	1
709	为什么 现在 不能 交易 	忘记 资金 密码 怎么办 	0
710	我证 卷 有 可取 现金 但 转 不了 银行 	如何 收取 股票交易 交易 佣金 	0
711	新股 不 符合 申购 条件 	如何 查询 交易 佣金 费率 	0
712	现在 开通 创业板 权限 需要 什么 资质 	新股申购 时会 冻结资金 	0
713	你好 登录 密码 忘记 	多少 资金 能 达到 多少 交易 佣金 	0
714	请问 我们 资金 银行 转 证券 转 不了 	证券 转 银行 为什么 转 不了 	1
715	为什么 转 不 出钱 到 银行 	忘记 交易 密码 怎么办 	0
716	现在 证券 转 银行帐户 怎么 转 不了 	为什么 账号 有 资金 无法 转 出 	0
717	中 新股 怎么 缴款 啊 	新股 中签 如何 缴款 	1
718	为什么 银 转证 转不出 	如何 查询 交易 佣金 费率 	0
719	账号 号 忘记 	创业板 如何 开通 	0
720	为啥 转 不 出钱 	为什么 账号 有 资金 无法 转 出 	1
721	既 忘记 客户 编号 又 忘 密码 怎么办 	忘记 交易 密码 怎么办 	0
722	你好 请问 现在 有 开通 创业板 名额 	深圳 市场 债券 可以 采取 交易方式 	0
723	手机 如何 信用度 账号 申购 新股 	信用度 账号 如何 申购 新股 	1
724	什么 是 新三版 股票 转让 计价 单位 	创业板 权限 首次 开通 	0
725	开户 套餐 有 哪些 	证券 转 银行 为什么 转 不了 	0
726	你好 账号 忘 怎么办 	手机 账号 忘记 怎么办 	1
727	请问 申购 ETF 基金 可以 使用 信用度 账号 股票 	信用度 账号 股票 可以 申购 ETF 基金 	1
728	你好 怎么 知道 自己 开通 创业板 	创业板 如何 开通 	1
729	你好 几次 新股 认购 数量 输入 都 说 超出 限额 	证券 转 银行 为什么 转 不了 	0
730	怎么 帐号 登录 不上 	如何 开户 	1
731	怎么 开户 啊 	如何 开户 	1
732	刚才 为什么 银行 资金 转账 到 证券 失败 	新 三板 股票 清算 交收 规则 	0
733	新股 中签 应该 怎样 缴款 呢 	证券 转 银行 为什么 转 不了 	0
734	交易 佣金 调整 	如何 调整 交易 佣金 费率 	1
735	问下 怎么 查 交易 佣金 	如何 查询 交易 佣金 费率 	1
736	今天 卖出 股票 是 今天 	网上 开户 交易 佣金 是 多少 	0
737	要 什么样 条件 才能 申购 新股 	网上 开户 交易 佣金 是 多少 	0
738	银转证 为什么 转 不了 	创业板 如何 开通 	0
739	怎么 才能 卖出 股票 	如何 可以 买 股票 	1
740	信用度 账号 开立 多长时间 可以 生效 	如何 转让 中小企业 私募 债券 	0
741	收购 上市公司 有 哪些 方法 	上市公司 收购 可 采取 哪些 方式 	1
742	怎么 改 银行卡 	同一个 账号 允许 不同 手机 同时 登录 	0
743	怎么 开 创业板 	如何 开户 	0
744	交易 交易 佣金 如何 调整 	手机 账号 忘记 怎么办 	0
745	申购 新股 时 提示 委托 数量 高于 最大 限额 是 什么 意思 	新股申购 条件 	0
746	如何 更换 不同 银行 三方 存管 	如何 更换 不同 银行 三方 存管 	1
747	交易 佣金 手续费 区别 	客户 编号 忘记 如何 找回 	0
748	对于 竞价 交易 临时 停牌 上交所 有 什么 规定 	手机 账号密码 忘记 怎么办 	0
749	问 一下 打 新股 需要 什么 条件 	新股申购 条件 	1
750	账号 可以 开通 创业板 	创业板 如何 开通 	1
751	你好 上海 A股 为什么 开通 不了 呢 	如何 开户 	1
752	已经 开户 啊 	创业板 权限 首次 开通 	0
753	账号 忘 能 告诉 	手机 账号 忘记 怎么办 	1
754	创业板 权限 转签 	创业板 权限 转签 如何 操作 	1
755	为什么 资金 不能 转 银行 	转账 失败 原因 	0
756	为什么 资金 转不出 	多少 资金 能 达到 多少 交易 佣金 	0
757	我想 问下 开户 交易 手续费 是 多少 	网上 开户 交易 佣金 是 多少 	1
758	今天 卖出 股票 资金 何时 可以 转 到 银行卡 	多少 资金 能 达到 多少 交易 佣金 	0
759	如何 更换 第三方 存管 银行 	如何 更换 同一 银行 三方 存管 银行卡 	1
760	怎么 不 符合 申购 条件 	新股申购 条件 	1
761	好像 已经 开通 创业板 	转账 失败 原因 	0
762	怎么 开户 	客户 编号 忘记 如何 找回 	0
763	为什么 不 证券 转 到 银行 转 不了 	如何 查询 交易 佣金 费率 	0
764	忘记 交易 登录 密码 怎么办 	深市 港股 通 投资者 可以 办理 港股 转托管 	0
765	新股 上市 首日 委托 买入 显示 废单 是 什么 意思 	上交所 对 竞价 交易 临时 停牌 有何 规定 	0
766	提现 怎么 提 不 出去 	证券 转 银行 为什么 转 不了 	1
767	交易 密码 不记得 	证券 转 银行 为什么 转 不了 	0
768	忘 资金 密码 怎么办 	信用度 账号 可以 交易 哪些 股票 	0
769	可以 买 这种 股票 	当日 卖出 股票 可以 转 出 资金 	0
770	新 三板 股票 转让 费用 如何 计算 	新 三板 股票 转让 交易 有 哪些 费用 	1
771	为什么 新股 上市 首日 委托 买入 是 废单 	新股 中 签会 有 短信 通知 	0
772	忘 客户 编号 	如何 开户 	0
773	交易 密码 怎么 错 	股票 可以 当天 买入 当天 卖出 	0
774	怎么 才能 开通 创业板 	如何 更换 账号 交易 密码 	0
775	股票交易 怎样 收费 	股票交易 费用 	1
776	开通 创业板 	创业板 如何 开通 	1
777	收购 上市公司 有 哪些 方法 	忘记 交易 密码 怎么办 	0
778	银行 转 证券 转 不了 是 	B股 实行 T + 0 回转 交易 	0
779	不能 网上 直接 销户 账号 没 正式 启用 	如何 注销 证券 账号 	1
780	手机 被 偷 电子签名 要 怎么弄 	忘记 交易 密码 怎么办 	0
781	股票 买入 多久 可以 卖出 啊 	股票 可以 当天 买入 当天 卖出 	1
782	为什么 资金 转 不 出去 	为什么 账号 有 资金 无法 转 出 	1
783	请问 交易 密码 不记得 怎么办 呢 	忘记 交易 密码 怎么办 	1
784	已 开通 创业板 	深交所 逆 回购 起点 金额 	0
785	你好 请问 下 网上 开户 但是 第二代 身份证 刚 过期 拿 新 身份证 需要 1 - 2 月 请问 一定 要 等到 新 身份证 才能 办理 	信用度 账号 开通 条件 	0
786	新 三板 市场 披露 信息 方式 是 什么 	新 三板 市场 是 如何 披露 信息 	1
787	银行 转 证券 转 不了 	证券 转 银行 为什么 转 不了 	1
788	请问 你们 能 开户 	如何 开户 	1
789	如何 取消 第三方 存管 	如何 注销 三方 存管 账号 	1
790	证券 账号 哪开 	新股申购 条件 	0
791	证转 银 资金 帐号密码 忘记 怎么办 	股票 可以 当天 买入 当天 卖出 	0
792	怎么 用 电话 方式 委托 查询 新股申购 配号 	如何 通过 电话委托 查询 新股申购 配号 	1
793	创业 版 如何 开通 	为什么 账号 有 资金 无法 转 出 	0
794	为啥 钱 账号 提 不 出来 	为什么 账号 有 资金 无法 转 出 	1
795	多久 调整 一次 深证 成份 指数 成份股 	深证 成份 指数 成份股 多长时间 调整 一次 	1
796	证券 转 银行 怎么 转 不了 啊 	证券 转 银行 为什么 转 不了 	1
797	请问 申购 新股 时要 注意 什么 呢 	新股申购 有何 注意事项 	1
798	每天 股票 交易 时间 	股票 交易 时间 	1
799	你好 信用度 账号 申购 新股 呢 	为什么 账号 有 资金 无法 转 出 	0
800	上交所 债券 费用 都 包括 什么 	上交所 债券 费用 有 哪些 	1
801	账号 打不开 	身份证 到期 影响 账号 交易 	0
802	为什么 资金 转 不了 银行 	网下 打 新 资格 是否 支持 多家 券商 间 使用 	0
803	以前 注册 帐号 忘 怎么办 	手机 账号 忘记 怎么办 	1
804	如何 开 创业板 	创业板 如何 开通 	1
805	账号 登录 密码 忘记 怎么办 	如何 查询 交易 佣金 费率 	0
806	你好 电脑 被盗 那个 账号 忘记 能 帮 我查 一下 	客户 编号 忘记 如何 找回 	1
807	为什么 证券 券转 银行 失败 呢 	证券 转 银行 为什么 转 不了 	1
808	信用度 账号 网上 能 开通 	证券 转 银行 为什么 转 不了 	0
809	费率 多少 	如何 查询 证券 账号 	0
810	申购 新股 有 什么 条件 	如何 开户 	0
811	为什么 账号 登录 不上 	如何 开户 	1
812	资金 转 出 失败 	手机 账号 忘记 怎么办 	0
813	网上交易 权限 取消 方法 是 什么 	ST 股票 为什么 无法 买入 	0
814	之前 开户 	如何 开户 	1
815	B股 证券 代码 深交所 是 如何 编制 	新股申购 条件 	0
816	手续费 降低 这里 可以 调整 	证券 转 银行 为什么 转 不了 	0
817	已 开户 	如何 开户 	1
818	B股 交收 规则 是 什么 	自助 开户 如何 补办 三方 存管 	0
819	通过 什么 方式 可以 进行 上市公司 收购 	如何 交易 股票 	0
820	不好意思 资金 密码 太久 没用 忘记 怎么 找 回来 	申购 新股 为什么 查询 不到 配号 	0
821	可以 开通 创业板 	信用度 账号 可以 参与 逆 回购 	0
822	请问 一下 打 新股 条件 是 什么 	新股申购 条件 	1
823	深交所 新股 上市 首日 临时 停牌 期间 可以 接受 委托 	当日 卖出 股票 可以 转 出 资金 	0
824	你好 当天 卖出 股票 资金 不能 转回 银行卡 	当日 卖出 股票 可以 转 出 资金 	1
825	客户 编号 忘记 如何 找回 	客户 编号 忘记 如何 找回 	1
826	调整 期权 交易 权限 怎么 操作 呢 	如何 调整 期权 交易 权限 	1
827	不 允许 转款 是 什么 意思 	为什么 账号 有 资金 无法 转 出 	1
828	知道 沪市 港股 通 可以 购买 哪些 股票 	如何 调整 交易 佣金 费率 	0
829	不去 营业厅 可以 有 办法 开通 网上 委托 权限 	手机 账号密码 忘记 怎么办 	0
830	已经 开户 怎么 登 	手机 账号 忘记 怎么办 	0
831	你好 我想 问下 为啥 买 不了 ST 股票 	ST 股票 为什么 无法 买入 	1
832	账号 忘记 	手机 账号 忘记 怎么办 	1
833	请问 撤销 当日 深交所 转股 要 怎么 操作 	如何 可以 买 股票 	0
834	能 给 开通 创业板 	A股 港股 显示 颜色 有 什么 区别 	0
835	怎么 用 电话 方式 委托 查询 新股申购 配号 	如何 开户 	0
836	要 办理 创业板 	创业板 如何 开通 	1
837	为什么 证券 券转 银行 失败 呢 	当日 卖出 股票 可以 转 出 资金 	0
838	怎么 符合 申购 新股 条件 	新股 中签 如何 缴款 	0
839	用 什么 办法 可以 注销 信用度 账号 	如何 注销 信用度 账号 	1
840	交易 交易 佣金 是 多少 	如何 通过 电话委托 查询 新股 中签 	0
841	交易 佣金 多少 	多少 资金 能 达到 多少 交易 佣金 	1
842	忘 登录 账号 密码 	手机 账号密码 忘记 怎么办 	1
843	忘记 交易 登录 密码 怎么办 	忘记 交易 密码 怎么办 	1
844	新户 申购 新股 要 满足 那些 条件 才能 申购 	新股申购 条件 	1
845	创业板 转签 需要 先 开始 开户 地方 开通 转签 权限 	证券 转 银行 为什么 转 不了 	0
846	什么 是 新 三板 股票 编码 规则 	新 三板 股票 编码 规则 	1
847	登录 账号 忘记 	股票交易 费用 	0
848	网上交易 权限 取消 方法 是 什么 	网上 委托 权限 如何 取消 	1
849	帮忙 开通 创业板 	创业板 如何 开通 	1
850	为啥 转 不 进去 钱 	为什么 账号 有 资金 无法 转 出 	1
851	登录 不 成功 	信用度 账号 可以 交易 哪些 股票 	0
852	资金 提 不 出来 	为什么 账号 有 资金 无法 转 出 	1
853	忘记 资金 密码 怎么办 	忘记 资金 密码 怎么办 	1
854	为什么 账号 资金 转不出 	为什么 账号 有 资金 无法 转 出 	1
855	就是 证券 转 银行 转 不 出来 为什么 	证券 转 银行 为什么 转 不了 	1
856	为什么 现在 不能 交易 	股票 交易 时间 	1
857	为什么 银行卡 钱 转 不 进来 	新股申购 条件 	0
858	股票 期权 怎么 交易 	客户 编号 忘记 如何 找回 	0
859	客户 帐号 忘 怎么办 	客户 编号 忘记 如何 找回 	1
860	为什么 昨天 买 股票 今天 卖 不 	当日 卖出 股票 可以 转 出 资金 	0
861	忘记 登录 密码 怎么办 	手机 账号密码 忘记 怎么办 	1
862	现在 不能 交易 	股票 交易 时间 	1
863	昨天 开户 忘记 帐号 	客户 编号 忘记 如何 找回 	1
864	怎么 转 不 出去 钱 	为什么 账号 有 资金 无法 转 出 	1
865	我能 开通 创业板 	创业板 如何 开通 	1
866	当日 卖出 股票 资金 会 当天 3 点 收市 能 转出 	创业板 权限 开通 办理 时间 	0
867	为什么 银行 转 不了 证券 帐户 	如何 更换 同一 银行 三方 存管 银行卡 	0
868	您好 变更 第三方 存管 银行 怎么 办理 银行 不变 只是 换个 卡 	如何 更换 银行卡 	0
869	现在 开户 的话 交易 佣金 多少 呢 	新股申购 条件 	0
870	问 一下 申购 新股 条件 是 什么 	如何 开户 	0
871	资金 密码 给 忘记 	如何 注销 三方 存管 账号 	0
872	忘记 登录 账号 	交易 佣金 与 手续费 区别 	0
873	开户 有 什么 套餐 	如何 开户 	1
874	知道 调整 期权 交易 权限 具体 流程 	如何 调整 期权 交易 权限 	1
875	交易 佣金 率 是 多少 啊 	证券 转 银行 为什么 转 不了 	0
876	周末 不能 银证 转账 	身份证 过期 可以 办理 开户 	0
877	B股 最后 交易日 	B股 交易 时间 	1
878	银行 转 证券 转 不了 	新股申购 时会 冻结资金 	0
879	买 不了 ST 股是 	若 手机 丢失 需要 重新 申请 电子签名 	0
880	如果 是 多个 账号 的话 新股申购 市场 市场 价值 是 计算 全部 总和 	新股申购 市场 市场 价值 会 合并 计算 多个 证券 账号 	1
881	以前 开 过户 	如何 开户 	1
882	深市 新股 上市 首日 临时 停牌 是 怎么 规定 	深市 新股 上市 首日 临时 停牌 有何 规定 	1
883	为什么 银行 转 证券 失败 	当日 卖出 股票 可以 转 出 资金 	0
884	股票交易 时间 都 哪几个 时间段 	ST 股票 为什么 无法 买入 	0
885	你好 几次 新股 认购 数量 输入 都 说 超出 限额 	新股申购 有 数量 要求 	1
886	证券 钱 转 不 出来 	证券 转 银行 为什么 转 不了 	1
887	如何 查看 交易 佣金 	ST 股票 为什么 无法 买入 	0
888	你好 知道 账号 股票交易 手续费 	证券 转 银行 为什么 转 不了 	0
889	现在 账号 有 股票 能 销户 	A股 账号 销户 有 哪些 注意事项 	1
890	网下 打 新 申报 价格 有 规定 	网下 打 新 申报 价格 有 什么 规定 	1
891	证券 转 银行 转 不到 	如何 开户 	0
892	农行 转 证券 为什么 转 不了 	证券 转 银行 为什么 转 不了 	1
893	请问 申请 新 三板 挂牌 要 多长时间 	新 三板 挂牌 申请 需要 多少 时间 	1
894	资金 为什么 转不出 	信用度 账号 卖出 证券 得到 现金 自动 偿还 负债 怎么办 	0
895	期权 交易 权限 申请 要求 有 哪些 期权 模拟 交易 经历 	申请 期权 交易 权限 需 具备 哪些 模拟 交易 经历 	1
896	新股申购 中 签会 有 通知 	手机 账号密码 忘记 怎么办 	0
897	对于 竞价 交易 临时 停牌 深圳 交易所 有 什么 规定 	深交所 对 竞价 交易 临时 停牌 有何 规定 	1
898	为什么 钱 转 不 出来 	如何 开户 	0
899	忘记 账号密码 	手机 账号密码 忘记 怎么办 	1
900	可以 开通 创业板 	如何 查询 证券 账号 	0
901	使用 信用度 账号 需要 什么 条件 	信用度 账号 使用 限制 	1
902	沪 深 当日 买入 可以 当日 卖出 	手机 账号密码 忘记 怎么办 	0
903	当日 卖完 股票 能 当日 转 出 资金 	当日 卖出 股票 可以 转 出 资金 	1
904	怎么 资金 转 不 出来 	为什么 账号 有 资金 无法 转 出 	1
905	忘记 登录 密码 怎么办 	创业板 如何 开通 	0
906	新三版 股票 转让 是 用 什么 单位 计价 	信用度 账号 如何 操作 配债 	0
907	忘 登录 账号 密码 	如何 重置 信用度 账号密码 	0
908	开通 创业板 权限 需要 什么 证件 	多少 资金 能 达到 多少 交易 佣金 	0
909	转 不 出钱 到 银行 	证券 转 银行 为什么 转 不了 	1
910	一个 账号密码 忘 	手机 账号密码 忘记 怎么办 	1
911	不想 网上交易 如何 取消 权限 	如何 收取 股票交易 交易 佣金 	0
912	今天 卖出 股票 资金 什么 时候 可以 取出 到 银行卡 	当日 卖出 股票 可以 转 出 资金 	1
913	请问 账号 为什么 转 不了 银行 	A股 开户 是否 收费 	0
914	怎么 查 费率 	如何 查询 交易 佣金 费率 	1
915	银行卡 可以 改 	如何 注销 三方 存管 账号 	0
916	港股 市场 市场 价值 可用 来 申购 新股 	证券 转 银行 为什么 转 不了 	0
917	当日 卖出 股票 资金 什么 时候 可以 转 出 	证券 转 银行 为什么 转 不了 	0
918	登录 密码 忘记 怎么办 	证券 转 银行 为什么 转 不了 	0
919	如何 收取 股票交易 交易 佣金 	如何 开户 	0
920	ST 股票 为什么 买 不了 呢 	ST 股票 为什么 无法 买入 	1
921	最少 可以 买 多少 B股 	如何 查询 交易 佣金 费率 	0
922	你好 申购 今天 新股 会 冻结资金 	新股申购 时会 冻结资金 	1
923	什么 是 信用度 账号 销户 条件 	信用度 账号 销户 条件 	1
924	为什么 资金 不 可取 	忘记 资金 密码 怎么办 	0
925	股票交易 时间 是 什么 时候 	股票 交易 时间 	1
926	外地 交易 密码 忘记 	如何 开户 	0
927	你好 如何 达到 申购 新股 条件 	新股申购 条件 	1
928	知道 密码 但是 账号 忘记 	手机 账号密码 忘记 怎么办 	1
929	之前 你们 开 过户 	新股申购 条件 	0
930	我刚 卖出 股票 资金 什么 转 出 	网上 委托 权限 如何 取消 	0
931	资金 转不出 	客户 编号 忘记 如何 找回 	0
932	忘记 登录 密码 怎么办 	如何 开户 	0
933	忘记 交易 密码 	如何 调整 交易 佣金 费率 	0
934	为什么 账号 登录 不上 	A股 港股 显示 颜色 有 什么 区别 	0
935	要是 开通 创业板 	创业板 如何 开通 	1
936	创业板 怎么 开通 	创业板 如何 开通 	1
937	忘 帐号 	手机 账号 忘记 怎么办 	1
938	忘 资金 密码 怎么办 	忘记 资金 密码 怎么办 	1
939	手机 App 开户 如何 绑 第三方 存管 	自助 开户 如何 补办 三方 存管 	1
940	创业板 怎么 开通 呢 	创业板 如何 开通 	1
941	忘记 登录 密码 	手机 账号密码 忘记 怎么办 	1
942	新 三板 企业 限售期 是 什么 时候 	新 三板 企业 限售期 	1
943	用 什么 办法 可以 注销 信用度 账号 	证券 转 银行 为什么 转 不了 	0
944	你好 交易 密码 忘 怎么 更换 	如何 更换 账号 交易 密码 	1
945	接收 委托 深交所 新股 上市 首日 临时 停牌 期间 行 	深交所 新股 上市 首日 临时 停牌 期间 接受 委托 	1
946	转 银行 突然 冻结 	为什么 账号 有 资金 无法 转 出 	0
947	今天 一键 大新 股数 按错 可以 撤单 	新股申购 条件 	0
948	港股 A股 显示 颜色 有 什么 不同 	A股 港股 显示 颜色 有 什么 区别 	1
949	调整 期权 交易 权限 怎么 操作 呢 	如何 更换 成本价 数值 	0
950	请问 打 新股 需要 具备 什么 条件 	创业板 如何 开通 	0
951	要 什么 条件 才能 申购 新股 啊 	证券 转 银行 为什么 转 不了 	0
952	深交所 人民币 特种 股 证券 代码 是 根据 什么 编制 	深交所 B股 证券 代码 编制 原则 是 什么 	1
953	不 允许 取款 原因 	新股申购 条件 	0
954	账号密码 忘 	证券 转 银行 为什么 转 不了 	0
955	想要 办理 创业板 	创业板 如何 开通 	1
956	为什么 证券 转 银行 转 不了 	证券 转 银行 为什么 转 不了 	1
957	登录 密码 忘掉 	手机 账号密码 忘记 怎么办 	1
958	可以 通过 哪些 方式 更换 成本价 	如何 更换 成本价 数值 	1
959	新 三板 协议 成交 方式 有 哪几种 	新股申购 条件 	0
960	开通 深港 通要 什 条件 是 资产值 五十万 还是 资金 五十万 	多少 资金 能 达到 多少 交易 佣金 	0
961	中小企业 私募 债券 是 怎么 进行 转让 	股票 交易 时间 	0
962	账号 忘记 	信用度 账号 资金 无法 转出 原因 	0
963	港股 市场 市场 价值 可用 来 申购 新股 	新股申购 市场 市场 价值 计算 范围 	1
964	深圳 市场 可以 通过 哪些 渠道 来 交易 港股 通 	深港 通 股票交易 如何 操作 	1
965	证转 银 资金 帐号密码 忘记 怎么办 	忘记 资金 密码 怎么办 	1
966	开户 	如何 开户 	1
967	忘记 用户 帐号 	客户 编号 忘记 如何 找回 	1
968	我想查 下 信用度 账号 新股 额度 能 帮帮我 	如何 开户 	0
969	请问 申购 新股 需要 满足 什么 条件 才能 申购 	证券 转 银行 为什么 转 不了 	0
970	你好 怎样 开通 创业板 	网上 开户 交易 佣金 是 多少 	0
971	银行 钱 转证 卷 怎么 转 不了 	上交所 股票 期权 行权 价格 间距 如何 设置 	0
972	新 三板 协议 转让 成交 情况 都 有 什么 	为什么 账号 有 资金 无法 转 出 	0
973	股票 手续费 	信用度 账号 对应 银行 券商 代码 	0
974	银转证 失败 	证券 转 银行 为什么 转 不了 	1
975	你好 把 账号密码 都 忘 	上交所 逆 回购 品种 代码 有 哪些 	0
976	你好 忘记 账号 编号 	B股 实行 T + 0 回转 交易 	0
977	账号 打不开 	深港 通 股票交易 如何 操作 	0
978	中小企业 私募 债券 是 怎么 进行 转让 	如何 转让 中小企业 私募 债券 	1
979	网下 打 新 申报 价格 有 规定 	信用度 账号 使用 限制 	0
980	你好 身份证 过期 可以 开户 	网上 开户 交易 佣金 是 多少 	0
981	请问 证 劵 转 银行 怎么 转 不了 呢 	证券 转 银行 为什么 转 不了 	1
982	期权 交易 权限 可以 调整 可以 的话 方法 是 怎样 呢 	如何 调整 期权 交易 权限 	1
983	怎样 更换 银行卡 	如何 更换 银行卡 	1
984	咨询 下 新 三板 购买 权限 如何 开通 	为什么 账号 有 资金 无法 转 出 	0
985	新股 中签 是 自动 缴款 	深交所 新股 上市 首日 临时 停牌 期间 接受 委托 	0
986	请问 为什么 资金 不能 转 银行 	手机 账号密码 忘记 怎么办 	0
987	已经 开户 但 登录 时要 帐号 	如何 开户 	1
988	请问 深交所 中签 新股 查询电话 是 好多 	如何 通过 电话委托 查询 新股 中签 	1
989	当日 卖完 股票 能 当日 转 出 资金 	如何 查询 证券 账号 	0
990	为什么 证券 转 银行 不行 	证券 转 银行 为什么 转 不了 	1
991	资金 转不出 银行 	证券 转 银行 为什么 转 不了 	1
992	如何 查看 交易 交易 佣金 	忘记 交易 密码 怎么办 	0
993	怎么 不能 转钱 出来 	如何 收取 股票交易 交易 佣金 	0
994	交易 交易 佣金 是 多少 	客户 编号 忘记 如何 找回 	0
995	开通 创业板 权限 目前 需要 办理 哪些 手续 	ST 股票 为什么 无法 买入 	0
996	登录 密码 忘记 怎么办 	如何 开户 	0
997	上海 ST 十一 ST 交易 条件 有 哪些 	转账 失败 原因 	0
998	能 给 开通 创业板 	创业板 如何 开通 	1
999	今天 把 股票 卖 可以 今天 销户 	如何 更换 交易 密码 	0
1000	为什么 信用度 账号 现金 资产 不能 进行 新股 中 签款 缴款 	股票 可以 当天 买入 当天 卖出 	0
1001	当日 卖出 股票 资金 会 当天 3 点 收市 能 转出 	当日 卖出 股票 可以 转 出 资金 	1
1002	有 什么 方法 信用度 账号 可以 购买 非 标的 证券 	信用度 账号 可以 购买 非 标的 证券 	1
1003	哪些 是 上交所 债券 费用 	上交所 债券 费用 有 哪些 	1
1004	可以 买 什么 股票 	手机 账号密码 忘记 怎么办 	0
1005	要 怎样 开通 创业板 	创业板 如何 开通 	1
1006	信用度 账号 开立 几日 生效 	证券 转 银行 为什么 转 不了 	0
1007	能 告诉 信用度 账号 券商 代码 	信用度 账号 对应 银行 券商 代码 	1
1008	有 哪些 模拟 交易 经历 可以 申请 期权 交易 权限 	申请 期权 交易 权限 需 具备 哪些 模拟 交易 经历 	1
1009	开通 购买 创业板 权限 怎么 办理 	新股申购 条件 	0
1010	身份证 信息 过期 网上 能 更新 	身份证 过期 如何 办理 	1
1011	加开 账号 	客户 编号 忘记 如何 找回 	0
1012	忘记 登录 密码 怎么办 	手机 账号密码 忘记 怎么办 	1
1013	理财 账号 开户费 是 多少 	网上 开户 交易 佣金 是 多少 	1
1014	忘 交易 密码 如果 可以 知道 	证券 转 银行 为什么 转 不了 	0
1015	新 三板 能不能 办理 融资 融券 业务 	身份证 号码 变更 如何 更换 	0
1016	创业板 怎么 开 	创业板 如何 开通 	1
1017	app 开户 交易 佣金 多少 	网上 开户 交易 佣金 是 多少 	1
1018	你好 知道 账号 股票交易 手续费 	股票交易 费用 	1
1019	买 不了 ST 股是 	如何 查询 证券 账号 	0
1020	申请 打 新股 为什么 总是 不 符合条件 呢 	新股申购 条件 	1
1021	B股 交易 费用 	B股 交易 费用 	1
1022	钱 怎么 转 不了 银行 呢 	证券 转 银行 为什么 转 不了 	1
1023	注销 账号 需要 什么 手续 	如何 注销 证券 账号 	1
1024	如果 竞价 交易 临时 停牌 深交所 怎么 处理 	深交所 对 竞价 交易 临时 停牌 有何 规定 	1
1025	忘记 账号密码 怎么办 	证券 转 银行 为什么 转 不了 	0
1026	对于 竞价 交易 临时 停牌 上交所 有 什么 规定 	上交所 对 竞价 交易 临时 停牌 有何 规定 	1
1027	如何 开 创业板 	证券 转 银行 为什么 转 不了 	0
1028	股票 资金 转不出 	为什么 账号 有 资金 无法 转 出 	1
1029	问 一下 外币 证券 转银证 金额 有 限制 	如何 开户 	0
1030	客户 编号 忘记 	新 三板 可以 做 融资 融券 交易 	0
1031	有 多少 是 信用度 账号 三方 存管 银行 	信用度 账号 三方 存管 银行 有 哪些 	1
1032	这里 可以 开户 	如何 更换 交易 密码 	0
1033	你好 账号密码 忘 怎么办 	手机 账号密码 忘记 怎么办 	1
1034	你好 为什么 新股 可 申购 数量 有误 只能 申购 1000 股 可是 软件 显示 是 6000 股 	新股申购 有 数量 要求 	1
1035	已经 开 过户 	如何 开户 	1
1036	资金 转账 为什么 转 不 进去 	为什么 账号 有 资金 无法 转 出 	1
1037	是否 可以 通过 微信 更换 资金 密码 	如何 更换 账号 资金 密码 	1
1038	忘记 密码 编号 	客户 编号 忘记 如何 找回 	0
1039	手机 版 交易系统 中 怎么 更换 中签 手机号码 	如何 更换 接收 新股 中签 提醒 短信 手机号码 	1
1040	客户 编号 忘记 怎么 查找 	为什么 账号 有 资金 无法 转 出 	0
1041	更换 K 线图 副 图 指标 参数 金融 终端 操作 流程 	如何 更换 金融 终端 K 线图 副 图 指标 参数 	1
1042	忘记 资金 账号密码 怎么 找回 啊 	忘记 资金 密码 怎么办 	1
1043	如何 开通 证卷 账号 	如何 查询 证券 账号 	1
1044	哪些 是 深交所 债券 费用 	深圳 市场 新股 配号 为什么 有 小数点 	0
1045	账号 忘记 怎么办 	新 三板 股票 转让 交易 有 哪些 费用 	0
1046	今天 一键 大新 股数 按错 可以 撤单 	新股申购 可以 撤单 	1
1047	今天 卖 股票 	股票 可以 当天 买入 当天 卖出 	1
1048	用 什么 方法 处理 申报 深市 股票 委托 时 提示 证券 账号 无效 	B股 交收 规则 	0
1049	沪 深 当日 买入 可以 当日 卖出 	股票 可以 当天 买入 当天 卖出 	1
1050	新股 ipo 网上 发行 制度 都 有 什么 更换 	新股 IPO 网上 发行 制度 有 哪些 更换 	1
1051	查看 创业板 开通 情况 	手机 账号 忘记 怎么办 	0
1052	用 信用度 账号 买 ST 股票 可以 	证券 转 银行 为什么 转 不了 	0
1053	证券 转 银行 转 不了 什么 情况 	新股申购 条件 	0
1054	请问 为什么 资金 转不出 	为什么 账号 有 资金 无法 转 出 	1
1055	信用度 账号密码 要 怎样 重置 	如何 重置 信用度 账号密码 	1
1056	上交所 债券 质押 式 回购 竞价 交易 有效 竞价 范围 包括 什么 呢 	如何 开户 	0
1057	亲 怎样 改 交易 密码 通讯 密码 	手机 账号 忘记 怎么办 	0
1058	股票交易 费用 	股票 可以 当天 买入 当天 卖出 	0
1059	信用度 证券 账号 如何 注销 重新 开户 	为什么 账号 有 资金 无法 转 出 	0
1060	申购 新股 受限 到期 需要 解除限制 	新股申购 受限 到期 是否 需办 理解 限 手续 	1
1061	股票交易 佣金 	如何 收取 股票交易 交易 佣金 	1
1062	沪 深 A股 没 开户费 	如何 开户 	0
1063	新 三板 有 几种 指数 类型 分别 是 什么 	为什么 账号 有 资金 无法 转 出 	0
1064	深市 货币 ETF 是 通过 何种 方式 来 计算 收益 	深圳 货币 ETF 收益 计算 规则 	1
1065	您好 请问 其他 证券公司 转户 怎么 转 	创业板 如何 开通 	0
1066	70 岁 以上 老人 能 手机 开户 	70 岁 以上 自然人 可以 手机 开户 	1
1067	账号 登录 密码 忘 	手机 账号密码 忘记 怎么办 	1
1068	请问 怎么 找回 客户 编号 	客户 编号 忘记 如何 找回 	1
1069	请问 申请 新 三板 挂牌 要 多长时间 	信用度 账号 卖出 证券 得到 现金 自动 偿还 负债 怎么办 	0
1070	上海证券交易所 逆 回购 起点 是 什么 	上交所 逆 回购 起点 金额 	1
1071	什么 情况 钱 转 不 出来 	为什么 账号 有 资金 无法 转 出 	1
1072	怎样 更换 交易 密码 	证券 转 银行 为什么 转 不了 	0
1073	转账 到 银行卡 怎么 转 不了 	证券 转 银行 为什么 转 不了 	1
1074	信用度 账号 资金 为什么 不能 转出 呢 	信用度 账号 资金 无法 转出 原因 	1
1075	为什么 钱 转不出 , 去 	为什么 账号 有 资金 无法 转 出 	1
1076	申购 创业板 新股 需要 什么 条件 	新股申购 条件 	1
1077	创业板 怎么 开通 	创业板 权限 转签 如何 操作 	0
1078	账号 忘记 	手机 账号 忘记 怎么办 	1
1079	约定 购回 标的 卷 可以 是 人民币 特种 股 	自助 开户 如何 补办 三方 存管 	0
1080	去 营业网点 注销 账号 需要 带 什么 	创业板 如何 开通 	0
1081	忘记 交易 账号 怎么办 	手机 账号 忘记 怎么办 	1
1082	什么样 股票 可以 计算 市场 市场 价值 	新股申购 市场 市场 价值 计算 范围 	1
1083	忘 帐号 	A股 港股 通 退市 制度 区别 	0
1084	上市公司 进行 重大 资产重组 需要 多长时间 停牌 	上市公司 进行 重大 资产重组 停牌 时间 最长 期限 是 多久 	1
1085	什么 时候 能 银行 证券 之间 转账 	银证 转账 时间 	1
1086	忘记 交易 帐号 	如何 交易 股票 	0
1087	为什么 钱 转 不 出去 	网上 开户 交易 佣金 是 多少 	0
1088	新股 ipo 网上 发行 制度 都 有 什么 更换 	申报 深市 股票 委托 时 提示 证券 账号 无效 如何 处理 	0
1089	请问 怎么 找回 客户 编号 	转账 失败 原因 	0
1090	问 比如 今天 把 股票 买 然后 明天 钱 可以 转 出来 	转账 失败 原因 	0
1091	昨天 卖 股 今天 提不出 款来 	深圳证券交易所 证券 代码 编制 原则 是 什么 	0
1092	你好 请问 一下 银证 不能 转账 到 银行 	如何 开户 	0
1093	已经 开户 	如何 开户 	1
1094	怎样 可以 用 信用度 账号 卖出 证券 得到 现金 自动 偿还 负债 	信用度 账号 卖出 证券 得到 现金 自动 偿还 负债 怎么办 	1
1095	股票 怎么 收费 	如何 收取 股票交易 交易 佣金 	1
1096	为什么 钱 转 不 出来 呢 	为什么 账号 有 资金 无法 转 出 	1
1097	手续费 是 万几 啊 	多少 资金 能 达到 多少 交易 佣金 	1
1098	要 多久 新 三板 交易 	新 三板 交易 时间 	1
1099	新股 创业 股在 什么 条件 下 才能 申购 	股票交易 费用 	0
1100	有 哪些 回拨 机制 是 新股申购 	新股申购 回拨 机制 	1
1101	请问 登录 密码 忘 怎么办 	手机 账号密码 忘记 怎么办 	1
1102	证卷 转 银行 转 不了 	如何 调整 交易 佣金 费率 	0
1103	忘记 交易 码 	忘记 交易 密码 怎么办 	1
1104	资金 转不出 	为什么 账号 有 资金 无法 转 出 	1
1105	登录 密码 忘 	手机 账号密码 忘记 怎么办 	1
1106	信用度 账号 操作 配股 方法 	如何 注销 证券 账号 	0
1107	已经 开户 	当日 卖出 股票 可以 转 出 资金 	0
1108	怎么 符合 申购 新股 条件 	新股申购 条件 	1
1109	忘记 资金 账号密码 怎么 找回 啊 	新股 中签 如何 缴款 	0
1110	问下 怎么 查 交易 佣金 	为什么 账号 有 资金 无法 转 出 	0
1111	ST 股票 怎么 没法 买 呢 	上市公司 进行 重大 资产重组 停牌 时间 最长 期限 是 多久 	0
1112	当日 赎回 股票 何时 可以 转 出 资金 	手机 账号密码 忘记 怎么办 	0
1113	开通 购买 创业板 权限 怎么 办理 	创业板 权限 开通 办理 时间 	1
1114	B股 交收 规则 是 什么 	B股 交收 规则 	1
1115	你们 这里 交易 佣金 是 多少 	多少 资金 能 达到 多少 交易 佣金 	1
1116	深交所 配股 认购 名称 是 如何 编制 	深交所 配股 认购 名称 编制 原则 	1
1117	股票交易 佣金 	新股申购 条件 	0
1118	帐号 密码 都 忘 怎么办 	手机 账号密码 忘记 怎么办 	1
1119	满足 什么 条件 才能 参与 深市 大宗 交易 	深圳 市场 大宗 交易 条件 	1
1120	忘 交易 密码 怎么办 	上交所 逆 回购 品种 代码 有 哪些 	0
1121	身份证 到期 会 影响 账号 交易 	深港 通 股票 为 A + H股 A股 停牌 与 H股 停牌 是否 同步 	0
1122	手机 被 偷 电子签名 要 怎么弄 	若 手机 丢失 需要 重新 申请 电子签名 	1
1123	怎么 查看 是否 具有 申购 新股 条件 	新股申购 条件 	1
1124	钱 为什么 转 不了 银行 	证券 转 银行 为什么 转 不了 	1
1125	客户 编号 忘记 如何 找回 	创业板 如何 开通 	0
1126	怎么样 开通 创业板 	新 三板 股票 申报 价格 是否 有 涨跌幅 限制 	0
1127	请问 登录 密码 忘 怎么办 	新股申购 市场 市场 价值 会 合并 计算 多个 证券 账号 	0
1128	开户 	信用度 账号 如何 查询 新股申购 额度 	0
1129	十一 st 股票 会 哪些 情况 下 退市 呢 	十一 st 股票 什么 情况 下 退市 	1
1130	如何 区分 A股 港股 显示 颜色 	如何 开户 	0
1131	创业板 如何 开通 	创业板 如何 开通 	1
1132	为什么 申购 新股 时候 总是 提示 不 具备 申购 条件 	忘记 交易 密码 怎么办 	0
1133	证 劵 钱 转 银行 怎么 转 不了 	A股 账号 销户 有 哪些 注意事项 	0
1134	你好 把 账号密码 都 忘 	手机 账号密码 忘记 怎么办 	1
1135	现在 开户 收费 多少 	网上 开户 交易 佣金 是 多少 	1
1136	帐户 怎么 不能 进行 银行 间 转账 	转账 失败 原因 	1
1137	网上 开户 A股 深 A股 都 要 各收 20 元 手续费 	客户 编号 忘记 如何 找回 	0
1138	如何 开 创业 版 	如何 交易 股票 	0
1139	银行 转证 劵 为啥 转 不了 	手机 账号密码 忘记 怎么办 	0
1140	帐户 怎么 不能 进行 银行 间 转账 	新 三板 协议 转让 成交 规则 	0
1141	怎样 区分 A股 股票 配股 与 增发 缴款 时间 	创业板 如何 开通 	0
1142	怎么 才能 把 股票 卖出去 	证券 转 银行 为什么 转 不了 	0
1143	交易 密码 怎么 老是 错 	创业板 如何 开通 	0
1144	请问 账号 忘 怎么办 	深市 A股 增发 代码 是 什么 	0
1145	哪些 深交所 上市 债券 实行 全价 交易 	证券 转 银行 为什么 转 不了 	0
1146	信用度 账号 开立 几日 生效 	信用度 账号 开立 何时 生效 	1
1147	开通 创业板 怎么 开 	创业板 如何 开通 	1
1148	帐号密码 忘 	手机 账号密码 忘记 怎么办 	1
1149	你好 登录 密码 忘 	手机 账号密码 忘记 怎么办 	1
1150	对于 竞价 交易 临时 停牌 深圳 交易所 有 什么 规定 	为什么 账号 有 资金 无法 转 出 	0
1151	身份证 号码 变 如何 更换 啊 	为什么 账号 有 资金 无法 转 出 	0
1152	银行卡 变更 	股票 可以 当天 买入 当天 卖出 	0
1153	那个 信用度 账号 持有 股票 怎么样 行使 投票权 呢 	信用度 账号 持有 股票 如何 行使 投票权 	1
1154	资金 转入 失败 怎么弄 	为什么 账号 有 资金 无法 转 出 	1
1155	用 信用度 账号 操作 要约 收购 行 	为什么 账号 有 资金 无法 转 出 	0
1156	新 三板 股票 有 哪些 编码 规则 	新 三板 股票 编码 规则 	1
1157	股票交易 	创业板 如何 开通 	0
1158	怎样 区分 A股 股票 配股 与 增发 缴款 时间 	A股 股票 配股 与 增发 缴款 时间 有何 区别 	1
1159	如何 更换 银行卡 	自助 开户 如何 补办 三方 存管 	0
1160	可以 开通 创业板 	创业板 如何 开通 	1
1161	你好 申购 今天 新股 会 冻结资金 	为什么 账号 有 资金 无法 转 出 	0
1162	客户 帐号 忘 怎么办 	当日 卖出 股票 可以 转 出 资金 	0
1163	为什么 昨天 买 股票 为什么 今天 卖 不 去 	如何 调整 交易 佣金 费率 	0
1164	忘记 交易 密码 是 什么 怎么办 	创业板 如何 开通 	0
1165	为什么 每次 申购 新股 都 说 不 满足条件 	新股申购 条件 	1
1166	忘记 帐号 	手机 账号 忘记 怎么办 	1
1167	你好 帐号 证券 转 银行 为什么 转 不了 	转账 失败 原因 	0
1168	信用度 账号 使用 有 哪 方面 限制 	信用度 账号 使用 限制 	1
1169	客户 编号 忘 怎么 找回 	客户 编号 忘记 如何 找回 	1
1170	如何 更换 同一 银行 三方 存管 银行卡 	如何 收取 股票交易 交易 佣金 	0
1171	请问 证券 号 怎么 查询 	深圳 市场 新股 配号 为什么 有 小数点 	0
1172	外地 交易 密码 忘记 	忘记 交易 密码 怎么办 	1
1173	转签 创业板 权限 	客户 编号 忘记 如何 找回 	0
1174	客户 编号 忘记 怎么 找回 	客户 编号 忘记 如何 找回 	1
1175	请问 深港 通 股票 为 A + H股 A股 停牌 与 H股 停牌 是否是 一致 	深港 通 股票 为 A + H股 A股 停牌 与 H股 停牌 是否 同步 	1
1176	如何 更换 账号 交易 密码 	如何 更换 账号 交易 密码 	1
1177	今天 存钱 今天 可以 买 股票 	股票 可以 当天 买入 当天 卖出 	1
1178	新股 上市 首日 临时 停牌 期间 上交所 能 申报 委托 	上交所 新股 上市 首日 临时 停牌 期间 接受 委托 	1
1179	你好 开通 创业板 要 怎么办 	深交所 转股 申报 数量 如何 填写 	0
1180	如何 便捷 地 更换 成本价 	如何 更换 成本价 数值 	1
1181	忘记 账号 	手机 账号 忘记 怎么办 	1
1182	你好 请问 手续费 多少 	多少 资金 能 达到 多少 交易 佣金 	1
1183	银行 转 债券 失败 	证券 转 银行 为什么 转 不了 	1
1184	登录 密码 忘 	忘记 资金 密码 怎么办 	0
1185	B股 交易 手续费 	B股 交易 费用 	1
1186	请问 开通 创业板 	创业板 如何 开通 	1
1187	能 开 创业板 	创业板 如何 开通 	1
1188	忘 账号 	手机 账号 忘记 怎么办 	1
1189	自助 调整 融资 融券 授信额度 具体 要 怎么 操作 	如何 查询 交易 佣金 费率 	0
1190	为什么 申购 不了 新股 	新股申购 条件 	1
1191	我要 取消 网上 委托 权限 	深交所 B股 证券 代码 编制 原则 是 什么 	0
1192	你好 请问 我要 什么 资格 才能 申购 新股 	创业板 如何 开通 	0
1193	股票交易 密码 忘记 有 什么 办法 可以 找回 	忘记 交易 密码 怎么办 	1
1194	市价 委托 可以 信用度 账号 交易 卖出 是 使用 	信用度 账号 交易 允许 市价 委托 	1
1195	资金 转 不 出来 	A股 股票 配股 与 增发 缴款 时间 有何 区别 	0
1196	如果 是 多个 账号 的话 新股申购 市场 市场 价值 是 计算 全部 总和 	如何 查询 交易 佣金 费率 	0
1197	交割单 查 交易 佣金 	如何 查询 交易 佣金 费率 	1
1198	怎样 变更 第三方 存管 银行卡 	如何 更换 同一 银行 三方 存管 银行卡 	1
1199	怎么 查 费率 	上交所 新股 上市 首日 有效 申报 价格 范围 	0
1200	怎么 更换 银行卡 	如何 更换 银行卡 	1
1201	怎么 不能 登录 账号 呢 	如何 重置 信用度 账号密码 	0
1202	为什么 银 转证 转 不了 	证券 转 银行 为什么 转 不了 	1
1203	为什么 不能 登录 客户 号 	如何 开户 	1
1204	你好 资金 怎么 转 不 进来 	为什么 账号 有 资金 无法 转 出 	1
1205	账号 怎么 登录 不上 呢 	手机 账号 忘记 怎么办 	0
1206	转账 失败 原因 	身份证 过期 可以 办理 开户 	0
1207	你们 交易 佣金 多少 	多少 资金 能 达到 多少 交易 佣金 	1
1208	现在 开户 收费 多少 	创业板 如何 开通 	0
1209	信用度 账号 交易 卖出 可以 使用 市价 委托 	多少 资金 能 达到 多少 交易 佣金 	0
1210	能 直接 开户 	如何 注销 与 理财 账号 相关联 银行卡 	0
1211	帐号 为啥 不能 登录 	如何 开户 	1
1212	可以 开通 创业板 	创业板 如何 开通 	1
1213	存折 不可以 开户 	如何 开户 	1
1214	你好 忘记 登录 密码 怎么办 呢 	信用度 账号 如何 操作 配债 	0
1215	哪些 是 深交所 债券 费用 	深交所 债券 费用 有 哪些 	1
1216	新 三板 上市 股票 支持 转 主板 交易 	新 三板 上市 股票 可以 转 到 主板 交易 	1
1217	为什么 资金 可用 不 可取 	为什么 资金 可用 不 可取 	1
1218	为什么 钱 转不出 , 去 	如何 开户 	0
1219	申购 新股 条件 	新股申购 条件 	1
1220	账号 忘记 麻烦 告诉 一下 	手机 账号 忘记 怎么办 	1
1221	客户 编号 忘记 如何 找回 	如何 开户 	0
1222	新 三板 股票 转让 计价 单位 是 什么 	创业板 如何 开通 	0
1223	开户 套餐 都 是 什么 意思 啊 	如何 开户 	1
1224	不 想要 网上 委托 权限 怎么 办理 	证券 转 银行 为什么 转 不了 	0
1225	创业板 开户 	手机 账号密码 忘记 怎么办 	0
1226	请问 手续费 是 多少 	信用度 账号 开立 何时 生效 	0
1227	信用度 账号 里面 市场 市场 价值 算 申购 市场 市场 价值 	新股申购 市场 市场 价值 计算 范围 	1
1228	为什么 资金 证券 转 银行 老是 失败 	证券 转 银行 为什么 转 不了 	1
1229	为什么 深市 新股 配号 有 小数点 两位 	深市 港股 通 开通 条件 	0
1230	为什么 不能 买 ST 股票 提示 没 签订 书面 风险 书 怎样才能 买 	证券 转 银行 为什么 转 不了 	0
1231	不 想要 网上 委托 权限 怎么 办理 	网上 委托 权限 如何 取消 	1
1232	怎么 才能 有 创业板 交易 权限 	创业板 权限 首次 开通 	1
1233	怎么 开通 中小板 创业板 账号 	股票 交易 时间 	0
1234	忘 账号 	为什么 账号 有 资金 无法 转 出 	0
1235	三板 交易 权限 取消 方式 是 什么 	当日 卖出 股票 可以 转 出 资金 	0
1236	你好 请问 账号 怎么 不能 登录 	如何 开户 	1
1237	请问 新股 中签 交款 多少 上市 交易 	证券 转 银行 为什么 转 不了 	0
1238	新 开户 交易 佣金 多少 	自助 开户 如何 补办 三方 存管 	0
1239	说 要 开通 创业板 	创业板 如何 开通 	1
1240	请问 怎么 更换 登录 交易 密码 	如何 更换 账号 交易 密码 	1
1241	石家庄 怎样 注销 第三方 存管 	如何 注销 三方 存管 账号 	1
1242	为什么 不能 买 ST 股票 提示 没 签订 书面 风险 书 怎样才能 买 	ST 股票 为什么 无法 买入 	1
1243	信用度 账号 现金 资金 不能 进行 新股 中 签款 缴款 原因 是 什么 	股票 可以 当天 买入 当天 卖出 	0
1244	为啥 转 不 出钱 	手机 账号密码 忘记 怎么办 	0
1245	昨天 卖 股 今天 提不出 款来 	当日 卖出 股票 可以 转 出 资金 	1
1246	ETF 基金 能用 信用度 账号 股票 申购 	信用度 账号 股票 可以 申购 ETF 基金 	1
1247	今天 买 股票 明天 可以 卖出去 	股票 可以 当天 买入 当天 卖出 	1
1248	交易 佣金 手续费 是 多少 	网上 开户 交易 佣金 是 多少 	0
1249	什么 时候 能 银行 证券 之间 转账 	股票交易 费用 	0
1250	忘记 账号 账号 怎么办 	手机 账号 忘记 怎么办 	1
1251	新股 不 符合 申购 条件 	新股申购 条件 	1
1252	新股申购 中 签后 有 资金 情况 下 直接 冻结 	信用度 证券 账号 可以 注销 重新 开户 	0
1253	经过 有 帐号 为什么 还要 开户 	如何 开户 	1
1254	今天 卖 股票 	忘记 资金 密码 怎么办 	0
1255	我要 银行 转账 到 证券 帐户 为什么 转 不了 	如何 开户 	0
1256	我要 开 创业板 	创业板 如何 开通 	1
1257	有 什么 办法 开立 信用度 账号 60 岁 以上 	股票交易 费用 	0
1258	为什么 不能 登录 账号 	多少 资金 能 达到 多少 交易 佣金 	0
1259	怎么 登录 证券 帐号 	如何 查询 证券 账号 	1
1260	忘记 客户 编码 	上证 基金 通 如何 更换 分红 方式 	0
1261	你好 请问 我要 什么 资格 才能 申购 新股 	为什么 账号 有 资金 无法 转 出 	0
1262	你好 我银证 转账 银行 转 证券 怎么 转 不 成功 	手机 账号密码 忘记 怎么办 	0
1263	忘 证券 账号 可以 查 	如何 查询 证券 账号 	1
1264	请问 今天 卖出 股票 钱 今天 不能 转账 回 银行 	当日 卖出 股票 可以 转 出 资金 	1
1265	为什么 证转 银 不 成功 	证券 转 银行 为什么 转 不了 	1
1266	网 下 申购 新股 条件 流程 	网下 打 新 备案 条件 	1
1267	ST 股票 为什么 买 不了 呢 	证券 转 银行 为什么 转 不了 	0
1268	深港 通 可以 转托管 港股 	深市 港股 通 投资者 可以 办理 港股 转托管 	1
1269	已 开通 创业板 	创业板 如何 开通 	1
1270	刚才 数字 认证 问新开 上海 A股 账号 现在 能开 怎么 开 	如何 开户 	1
1271	之前 开户 	如何 更换 银行卡 	0
1272	现在 能 交易 	股票 交易 时间 	1
1273	转让 中小企业 私募 债券 方式 是 什么 	证券 转 银行 为什么 转 不了 	0
1274	开通 创业板 	深圳 市场 大宗 交易 条件 	0
1275	交易 密码 忘记 怎么办 	为什么 账号 有 资金 无法 转 出 	0
1276	怎样 找回 资金 密码 	为什么 账号 有 资金 无法 转 出 	0
1277	怎样 查 股票 帐号 有 没 连 银行卡 	如何 查询 证券 账号 	1
1278	现在 开户 交易 交易 佣金 是 多少 	手机 账号密码 忘记 怎么办 	0
1279	之前 开 户 能用 	如何 更换 同一 银行 三方 存管 银行卡 	0
1280	炒股 账号 密码 忘 	上海 ST 十一 ST 股 交易规则 	0
1281	你好 我想 问下 上交所 股票 期权 行权 价格 间距 是 怎么 规定 	上交所 股票 期权 行权 价格 间距 如何 设置 	1
1282	为啥 转 不 进去 钱 	ST 股票 为什么 无法 买入 	0
1283	你好 怎么 资金 转 不 出来 	为什么 账号 有 资金 无法 转 出 	1
1284	你好 咨询 一下 开通 创业板 权限 需要 什么 要求 	深交所 债券 质押 式 回购 竞价 交易 有效 竞价 范围 	0
1285	你好 资金 为什么 转 不 出去 	如何 开户 	0
1286	为什么 开不了 深圳 A股 	ST 股票 为什么 无法 买入 	0
1287	为什么 不能 证券 转 银行 操作 失败 	股票 交易 时间 	0
1288	为什么 银 转证 转 不了 	创业板 如何 开通 	0
1289	为什么 申购 不了 新股 	如何 开户 	0
1290	客户 号 忘记 	手机 账号 忘记 怎么办 	1
1291	今天 买入 什么 股 	新股申购 条件 	0
1292	当日 卖出 股票 资金 会 当天 3 点 收市 能 转出 	当日 卖出 股票 可以 转 出 资金 	1
1293	交易 手续费 	股票交易 费用 	1
1294	股票 买入 多久 可以 卖出 啊 	如何 开户 	0
1295	请问 注销 普通 证券 账号 需要 什么 资料 带 去 证券公司 	如何 注销 证券 账号 	1
1296	开户 干嘛 	如何 开户 	1
1297	提现 怎么 提 不 出去 	如何 更换 同一 银行 三方 存管 银行卡 	0
1298	忘记 登录 密码 怎么办 	银证 转账 时间 	0
1299	没办 外币 银证 转账 业务 要 怎样 可以 取款 	没 办理 外币 银证 转账 业务 客户 如何 取款 	1
1300	忘记 客户 号码 	证券 转 银行 为什么 转 不了 	0
1301	你好 如何 开通 创业板 	创业板 如何 开通 	1
1302	请问 创业板 如何 开通 	创业板 如何 开通 	1
1303	别的 券商 已经 开 通过 创业板 怎么 自助 转签 创业板 权限 呢 	创业板 权限 转签 如何 操作 	1
1304	你好 交易 佣金 多少 	多少 资金 能 达到 多少 交易 佣金 	1
1305	为什么 钱 转 不 出去 	为什么 账号 有 资金 无法 转 出 	1
1306	问 一下 新股 上市 前 一 交易日 晚上 可以 提前 下单 	新股 上市 前 一 交易日 晚上 能不能 提前 下单 	1
1307	同一个 股票 能 当天 买入 当天 卖出 	股票 可以 当天 买入 当天 卖出 	1
1308	转出 到 银行 资金 冻结 	证券 转 银行 为什么 转 不了 	1
1309	我要 怎么 开通 创业板 	创业板 如何 开通 	1
1310	新 三板 市场 信息 是 怎样 披露 	新 三板 市场 是 如何 披露 信息 	1
1311	为什么 不能 转 到 农业银行 	新股 上市 首日 委托 买入 为什么 作废 	0
1312	我要 取消 网上 委托 权限 	网上 委托 权限 如何 取消 	1
1313	上周三 开通 创业板 	创业板 如何 开通 	1
1314	新三版 股票 转让 有 哪些 计价 单位 	为什么 账号 有 资金 无法 转 出 	0
1315	新 开户 帐号 为什么 不能 申购 新股 	申请 期权 交易 权限 需 具备 哪些 模拟 交易 经历 	0
1316	你好 咨询 一下 申购 新股 需要 什么 条件 	为什么 账号 有 资金 无法 转 出 	0
1317	调整 交易 佣金 	如何 调整 交易 佣金 费率 	1
1318	B股 最后 交易日 	创业板 如何 开通 	0
1319	为什么 昨天 买 股票 今天 卖 不 	股票 可以 当天 买入 当天 卖出 	1
1320	请问 你们 能 开户 	信用度 账号 如何 申购 新股 	0
1321	证券 转 银行卡 为什么 转 不了 	为什么 账号 有 资金 无法 转 出 	0
1322	亲 怎样 改 交易 密码 通讯 密码 	创业板 如何 开通 	0
1323	创业板 权限 首次 开通 	创业板 权限 首次 开通 	1
1324	A股 股票 配股 与 增发 缴款 时间 有 什么 不 一样 	A股 股票 配股 与 增发 缴款 时间 有何 区别 	1
1325	交易 佣金 与 手续费 区别 	证券 转 银行 为什么 转 不了 	0
1326	B股 交易 是 T + 1 	新股申购 额度 超限 原因 	0
1327	身份证 到期 对 账号 交易 有 影响 	身份证 到期 影响 账号 交易 	1
1328	我想 问下 股票交易 手续费 怎么 收 	创业板 权限 转签 如何 操作 	0
1329	股票 卖 资金 怎么 转 出不来 	当日 卖出 股票 可以 转 出 资金 	1
1330	申购 新股 资格 	多少 资金 能 达到 多少 交易 佣金 	0
1331	请问 手续费 是 多少 	多少 资金 能 达到 多少 交易 佣金 	1
1332	忘记 登录 密码 	创业板 如何 开通 	0
1333	自助 开户 三方 存管 	新股申购 何时 可以 挂单 	0
1334	创业板 怎么 开 	如何 开户 	0
1335	开户 套餐 是 什么 意思 	手机 账号密码 忘记 怎么办 	0
1336	为什么 银行 转 证券 转 不了 	忘记 交易 密码 怎么办 	0
1337	B股 股票 怎么 作为 融资 融券 担保 品 	B股 股票 能 作为 融资 融券 担保 品 	1
1338	ETF 基金 能用 信用度 账号 股票 申购 	当日 卖出 股票 可以 转 出 资金 	0
1339	银行 转 不了 账 	手机 账号密码 忘记 怎么办 	0
1340	忘记 用户 帐号 	如何 开户 	0
1341	买 不了 股票 啊 	如何 可以 买 股票 	1
1342	是 今天 刚 卖出 把 钱 转到 银行帐户 为什么 转不出 	当日 卖出 股票 可以 转 出 资金 	1
1343	登录 编号 是 什么 	创业板 如何 开通 	0
1344	你好 为什么 将款 转到 银行卡 转 不 出去 	为什么 账号 有 资金 无法 转 出 	0
1345	申购 新股 时 怎么 总是 显示 不 符合 新股申购 条件 呢 	新股申购 条件 	1
1346	登录 密码 忘 怎么办 	手机 账号密码 忘记 怎么办 	1
1347	证券交易 手续费 	股票交易 费用 	1
1348	怎样 找回 客户 编号 	如何 更换 成本价 数值 	0
1349	忘 资金 密码 	忘记 资金 密码 怎么办 	1
1350	新 三板 市场 是 怎么 披露 信息 	身份证 过期 如何 办理 	0
1351	如何 开通 证卷 账号 	客户 编号 忘记 如何 找回 	0
1352	新股申购 是否 需要 预先 冻结资金 	客户 编号 忘记 如何 找回 	0
1353	请问 账号 创业板 开通 	如何 调整 交易 佣金 费率 	0
1354	账号 有 没 开通 创业板 	为什么 账号 有 资金 无法 转 出 	0
1355	身份证 过期 不能 开户 	如何 开户 	0
1356	深交所 哪些 上市 债券 实行 净价 交易 	股票 可以 当天 买入 当天 卖出 	0
1357	原来 有 开户 	如何 开户 	1
1358	如何 查 交易 佣金 	如何 查询 交易 佣金 费率 	1
1359	登录 账号 忘记 如何 寻回 	股票 交易 时间 	0
1360	如何 开通 创业板 	深市 港股 通 开通 条件 	0
1361	今天 把 股票 卖 钱 为什么 不能 取出 来 	当日 卖出 股票 可以 转 出 资金 	1
1362	怎么 开通 创业板 	创业板 如何 开通 	1
1363	参与 深圳 大宗 交易 有 门槛 限制 	信用度 账号 现金 资产 为什么 不能 进行 新股 中 签款 缴款 	0
1364	貌似 现在 无法 银证 转账 呢 	新 三板 股票 即时 行情 包含 哪些 要素 	0
1365	股 怎么 交易 	如何 交易 股票 	1
1366	你好 忘记 登录 密码 怎么办 呢 	手机 账号密码 忘记 怎么办 	1
1367	银转证 不 成功 	证券 转 银行 为什么 转 不了 	1
1368	能 开通 创业板 	手机 账号 忘记 怎么办 	0
1369	为什么 不能 转入 银行 	证券 转 银行 为什么 转 不了 	1
1370	信用度 账号 交易 卖出 可以 使用 市价 委托 	信用度 账号 交易 允许 市价 委托 	1
1371	为什么 账号 有 资金 无法 转 出 	新股 中签 如何 缴款 	0
1372	登录 密码 忘 怎么办 	忘记 交易 密码 怎么办 	0
1373	忘记 登录 客户 编号 怎么办 	客户 编号 忘记 如何 找回 	1
1374	忘记 资金 密码 怎么办 	创业板 如何 开通 	0
1375	A股 开户 需要 收费 	A股 开户 是否 收费 	1
1376	忘记 账号 	上交所 股东大会 网络 投票 平台 网址 	0
1377	请问 怎么 更换 银行卡 	如何 更换 银行卡 	1
1378	查询 交易 佣金 	如何 查询 交易 佣金 费率 	1
1379	交易 交易 佣金 多少 	多少 资金 能 达到 多少 交易 佣金 	1
1380	签 风险 不能 买 ST 为什么 	ST 股票 为什么 无法 买入 	1
1381	如何 找回 客户 编号 	如何 更换 银行卡 	0
1382	转签 创业板 权限 	创业板 权限 转签 如何 操作 	1
1383	如果 竞价 交易 临时 停牌 深交所 怎么 处理 	忘记 交易 密码 怎么办 	0
1384	账号 为什么 转 不 出钱 	为什么 账号 有 资金 无法 转 出 	1
1385	新 三板 做市 转让 申报 有 哪些 条件 	忘记 交易 密码 怎么办 	0
1386	怎样 更换 交易 密码 	如何 更换 交易 密码 	1
1387	为什么 不能 更换 交易 密码 	如何 更换 交易 密码 	1
1388	怎么 说 让 开通 创业 	证券 转 银行 为什么 转 不了 	0
1389	请问 怎样 开户 	当日 卖出 股票 可以 转 出 资金 	0
1390	忘 交易 密码 	忘记 资金 密码 怎么办 	0
1391	请问 证券 转 银行 成功 	转账 失败 原因 	0
1392	什么样 股票 可以 计算 市场 市场 价值 	创业板 如何 开通 	0
1393	交易 佣金 费率 是 多少 	多少 资金 能 达到 多少 交易 佣金 	1
1394	银转证 为什么 转 不了 	证券 转 银行 为什么 转 不了 	1
1395	交易 登录 密码 忘记 怎么 找回 	忘记 交易 密码 怎么办 	1
1396	你好 为什么 账号 不能 转款 出来 	信用度 账号 交易 允许 市价 委托 	0
1397	身份证 号码 变 如何 更换 啊 	身份证 号码 变更 如何 更换 	1
1398	为什么 账号 有 资金 无法 转 出 	为什么 账号 有 资金 无法 转 出 	1
1399	什么 费用 是 新 三板 股票 转让 交易 	新 三板 股票 转让 交易 有 哪些 费用 	1
1400	是 今天 刚 卖出 把 钱 转到 银行帐户 为什么 转不出 	新股 IPO 网上 发行 制度 有 哪些 更换 	0
1401	为什么 银行 转 不了 证券 帐户 	证券 转 银行 为什么 转 不了 	1
1402	现在 怎么 不能 交易 	银证 转账 时间 	0
1403	交易 密码 错 	证券 转 银行 为什么 转 不了 	0
1404	为什么 银行卡 钱 转 不 进来 	证券 转 银行 为什么 转 不了 	1
1405	把 钱 转到 银行 怎么 转不出 	转账 失败 原因 	0
1406	为什么 刚才 股票 不能 卖 	网上 开户 交易 佣金 是 多少 	0
1407	为什么 钱 不能 转 到 银行卡 	创业板 如何 开通 	0
1408	身份证 过期 可以 进行 账号 交易 	身份证 到期 影响 账号 交易 	1
1409	昨天 买 股票 今天 为什么 不能 卖 	股票 可以 当天 买入 当天 卖出 	1
1410	我要 转点 钱 急用 怎么 转不出 	为什么 账号 有 资金 无法 转 出 	1
1411	现在 银转证 怎么 转 不了 	证券 转 银行 为什么 转 不了 	1
1412	手机 换 之前 电子签名 能用 	若 手机 丢失 需要 重新 申请 电子签名 	1
1413	交易 交易 佣金 如何 调整 	如何 调整 交易 佣金 费率 	1
1414	忘 交易 密码 	忘记 交易 密码 怎么办 	1
1415	你好 证券 转 银行 为什么 转 不了 	证券 转 银行 为什么 转 不了 	1
1416	明天 卖 股票 后能 当天 销户 	A股 账号 销户 有 哪些 注意事项 	1
1417	信用度 账号 资金 为什么 不能 转出 呢 	深市 中小企业 板块 A股 证券 代码 是 多少 	0
1418	登录 账号 忘记 	手机 账号 忘记 怎么办 	1
1419	股票 手续费 	如何 收取 股票交易 交易 佣金 	1
1420	请问 之前 开个 	如何 开户 	1
1421	第三方 存管 更换 银行卡 	如何 更换 同一 银行 三方 存管 银行卡 	1
1422	网 下 申购 新股 条件 流程 	新股申购 有何 注意事项 	0
1423	申购 新股 条件 	如何 查询 交易 佣金 费率 	0
1424	忘 帐号 怎么办 	ST 股票 为什么 无法 买入 	0
1425	怎样 开通 创业板 	创业板 如何 开通 	1
1426	您好 为什么 证券 转 银行 资金 转 不 出来 	网上 申购 数量 有何 限制 	0
1427	开 创业板 	如何 开户 	0
1428	当日 卖完 股票 能 当日 转 出 资金 	当日 卖出 股票 可以 转 出 资金 	1
1429	忘记 客户 编号 	新股申购 条件 	0
1430	自助 开户 如何 补办 三方 存管 	如何 查询 交易 佣金 费率 	0
1431	请问 我们 资金 银行 转 证券 转 不了 	如何 更换 银行卡 	0
1432	可以 开通 多个 港股 通 账号 	同一 客户 可以 开通 多个 港股 通 交易 权限 	1
1433	你好 开通 创业板 要 怎么办 	创业板 如何 开通 	1
1434	怎么 开 创业板 	创业板 如何 开通 	1
1435	个股 分时图 成交量 柱状 线 颜色 用 金融 终端 怎么 更换 	如何 开户 	0
1436	为什么 登录 不上 账号 	如何 收取 股票交易 交易 佣金 	0
1437	经过 有 帐号 为什么 还要 开户 	如何 查询 交易 佣金 费率 	0
1438	我能 金融 终端 查到 银行 余额 信息 但 转账 为什么 不 成功 	转账 失败 原因 	1
1439	你好 取消 三方 存管 , 请问 怎么 操作 	如何 注销 三方 存管 账号 	1
1440	股份 报价 转让 申报 类型 是 什么 	新股申购 条件 	0
1441	身 证号码 已经 变更 网上 没 办法 更换 	身份证 号码 变更 如何 更换 	1
1442	申购 深证 新股 需要 哪些 条件 	新股申购 条件 	1
1443	您好 忘记 登录 密码 	如何 开户 	0
1444	忘 交易 密码 怎么办 呢 	忘记 交易 密码 怎么办 	1
1445	忘记 交易 密码 	忘记 交易 密码 怎么办 	1
1446	客户 编号 忘 	客户 编号 忘记 如何 找回 	1
1447	帳號 忘 	手机 账号 忘记 怎么办 	1
1448	请问 新股 中签 交款 多少 上市 交易 	新股 中 签后 股份 何时 上市 	1
1449	我想查 下 信用度 账号 新股 额度 能 帮帮我 	信用度 账号 如何 查询 新股申购 额度 	1
1450	忘记 资金 账号 怎么办 	如何 更换 同一 银行 三方 存管 银行卡 	0
1451	签 风险 不能 买 ST 为什么 	证券 转 银行 为什么 转 不了 	0
1452	网下 打 新 缴款 账号 三方 存管 银行账号 是 相同 	多少 资金 能 达到 多少 交易 佣金 	0
1453	新 三板 市场 是 怎么 披露 信息 	新 三板 市场 是 如何 披露 信息 	1
1454	今天 买 股票 有 分红 	股票 可以 当天 买入 当天 卖出 	1
1455	银证 转账 时间 	十一 st 股票 什么 情况 下 退市 	0
1456	支付 密码 忘 怎么办 	忘记 交易 密码 怎么办 	1
1457	你好 账号 忘 怎么办 	信用度 证券 账号 可以 注销 重新 开户 	0
1458	忘记 登录 密码 怎么办 	手机 账号密码 忘记 怎么办 	1
1459	忘记 登录 密码 怎么办 	新 三板 上市 股票 可以 转 到 主板 交易 	0
1460	貌似 现在 无法 银证 转账 呢 	银证 转账 时间 	1
1461	编号 忘 怎么办 	新 三板 做市 转让 申报 规则 	0
1462	请问 一下 证券 资金 为什么 不能 转 到 银行 	客户 编号 忘记 如何 找回 	0
1463	有 什么 办法 可以 取消 第三方 存管 	如何 注销 三方 存管 账号 	1
1464	交易 密码 忘记 	多少 资金 能 达到 多少 交易 佣金 	0
1465	哪些 条件 满足 可 申购 新股 	新股申购 条件 	1
1466	我刚 卖 股票 为什么 钱 不能 证券 转 银行 	当日 卖出 股票 可以 转 出 资金 	1
1467	交易 手续费 	创业板 权限 首次 开通 	0
1468	今天 买 股票 什么 时候 可以 卖 	股票 可以 当天 买入 当天 卖出 	1
1469	A股 开户 需要 收费 	B股 最小 交易 单位 	0
1470	问问 手续费 是 多少 	如何 开户 	0
1471	能 帮 开 一下 创业板 	创业板 如何 开通 	1
1472	上市公司 进行 重大 资产重组 停牌 时间 最长 期限 是 多少 	上市公司 进行 重大 资产重组 停牌 时间 最长 期限 是 多久 	1
1473	为什么 证转 银 不 成功 	创业板 如何 开通 	0
1474	就是 证券 转 银行 转 不 出来 为什么 	新股申购 有 数量 要求 	0
1475	费率 多少 	多少 资金 能 达到 多少 交易 佣金 	1
1476	深港 通 股票 为 A + H股 A股 停牌 与 H股 停牌 确定 一样 	手机 账号密码 忘记 怎么办 	0
1477	你好 刚 卖出 钱 不能 立刻 转 出来 银行卡 	新股申购 条件 	0
1478	钱 转 不 进来 	为什么 账号 有 资金 无法 转 出 	1
1479	忘记 登录 密码 怎么 	手机 账号密码 忘记 怎么办 	1
1480	为什么 资金 转 不了 银行 	证券 转 银行 为什么 转 不了 	1
1481	后天 交易 时间 可以 注销 账号 是 	忘记 资金 密码 怎么办 	0
1482	创业板 开户 	创业板 如何 开通 	1
1483	银行卡 转 不了 证券 	证券 转 银行 为什么 转 不了 	1
1484	买卖 深市 港股 通 股票 操作方法 	深港 通 股票交易 如何 操作 	1
1485	深交所 转股 申报 数量 填写 要求 是 什么 	如何 查询 交易 佣金 费率 	0
1486	怎么 开通 创业 	创业板 如何 开通 	1
1487	股票交易 费用 	股票交易 费用 	1
1488	今天 卖 股票 钱 今天 能取 到 银行卡 不 	为什么 账号 有 资金 无法 转 出 	0
1489	信用度 账号 现金 资金 不能 进行 新股 中 签款 缴款 原因 是 什么 	信用度 账号 现金 资产 为什么 不能 进行 新股 中 签款 缴款 	1
1490	有 什么 办法 可以 取消 第三方 存管 	股票 可以 当天 买入 当天 卖出 	0
1491	请问 能帮 我查 一下 股票 账号 	为什么 账号 有 资金 无法 转 出 	0
1492	上证 基金 通 基金 （ 代码 为 519 十一 ） 场内 分红 方式 如何 设置 	网上 委托 权限 如何 开通 	0
1493	深市 港股 通 泸市 港股 通 额度 分开 用行 	深港 通 跟 沪 港通 额度 能 共用 	1
1494	怎么 提现 被 冻结 	证券 转 银行 为什么 转 不了 	1
1495	新股 审购 显示 没 成交 能 撤单 	客户 编号 忘记 如何 找回 	0
1496	新 三板 股票 转让 计价 单位 是 什么 	新 三板 股价 变动 单位 	1
1497	信用度 账号 网上 能 开通 	信用度 账号 可以 网上 开通 	1
1498	可以 开户 	如何 开户 	1
1499	持有 什么 证据 投诉 上市公司 是 合法 	A股 账号 销户 有 哪些 注意事项 	0
1500	交易 交易 佣金 多少 	A股 停牌 原因 有 哪些 	0
1501	忘记 交易 帐号 	忘记 交易 密码 怎么办 	1
1502	信用度 账号 卖出 证券 得到 现金 怎么 可以 自动 负债 	信用度 账号 卖出 证券 得到 现金 自动 偿还 负债 怎么办 	1
1503	资金 怎么 从证 劵 转 银行 转 不 出来 	证券 转 银行 为什么 转 不了 	1
1504	您好 新股 中 签会 发短信 通知 	新股 中 签会 有 短信 通知 	1
1505	交易 登录 编号 是 什么 	如何 调整 交易 佣金 费率 	0
1506	查询 交易 佣金 	如何 开户 	0
1507	客户 编号 忘 如何 找回 	客户 编号 忘记 如何 找回 	1
1508	如果 中签 新股 一般 多长时间 能 上市 啊 	新股 中 签后 股份 何时 上市 	1
1509	把 账号 忘记 怎么办 	如何 交易 股票 	0
1510	手机 版 交易系统 中 怎么 更换 中签 手机号码 	当日 卖出 股票 可以 转 出 资金 	0
1511	把 钱 转到 银行 怎么 转不出 	证券 转 银行 为什么 转 不了 	1
